<?xml version="1.0"?>
<doc>
    <assembly>
        <name>KarveControls</name>
    </assembly>
    <members>
        <member name="T:KarveControls.DataArea">
            <summary>
            Interaction logic for DataArea.xaml
            </summary>
            <summary>
            DataArea
            </summary>
        </member>
        <member name="M:KarveControls.DataArea.InitializeComponent">
            <summary>
            InitializeComponent
            </summary>
        </member>
        <member name="T:KarveControls.DataFieldCheckBox">
            <summary>
            Interaction logic for DataCheckBox.xaml
            </summary>
            <summary>
            DataFieldCheckBox
            </summary>
        </member>
        <member name="M:KarveControls.DataFieldCheckBox.InitializeComponent">
            <summary>
            InitializeComponent
            </summary>
        </member>
        <member name="T:KarveControls.DataCombox">
            <summary>
            Interaction logic for DataCombox.xaml
            </summary>
            <summary>
            DataCombox
            </summary>
        </member>
        <member name="E:KarveControls.DataCombox.PropertyChanged">
            <summary>
             Property Changed event.
            </summary>
        </member>
        <member name="M:KarveControls.DataCombox.InitializeComponent">
            <summary>
            InitializeComponent
            </summary>
        </member>
        <member name="T:KarveControls.DataDatePicker">
            <summary>
            Interaction logic for DataDetiPicker.xaml
            </summary>
            <summary>
            DataDatePicker
            </summary>
        </member>
        <member name="M:KarveControls.DataDatePicker.InitializeComponent">
            <summary>
            InitializeComponent
            </summary>
        </member>
        <member name="T:KarveControls.DataField">
            <summary>
            DataField Component Definition.
            </summary>
            <summary>
            DataField
            </summary>
        </member>
        <member name="F:KarveControls.DataField.DataFieldChangedEvent">
            <summary>
            Routed Event fired when any change in data field happen.
            </summary>
        </member>
        <member name="E:KarveControls.DataField.DataFieldChanged">
            <summary>
             Event triggered when a data field changes.
            </summary>
        </member>
        <member name="F:KarveControls.DataField.DescriptionDependencyProperty">
            <summary>
             Component description.
            </summary>
        </member>
        <member name="F:KarveControls.DataField.PrimaryKeyDependencyProperty">
            <summary>
             Database primary key
            </summary>
        </member>
        <member name="F:KarveControls.DataField.DataAllowedDependencyProperty">
            <summary>
             Kind of data allowed in this component.
            </summary>
        </member>
        <member name="P:KarveControls.DataField.DataAllowed">
            <summary>
             DataType allowed in this component.
            </summary>
        </member>
        <member name="F:KarveControls.DataField.ItemSourceDependencyProperty">
            <summary>
             Item Source. DataTable to be binded with this component.
            </summary>
        </member>
        <member name="P:KarveControls.DataField.ItemSource">
            <summary>
             Item Source. DataTable to be binded with this component.
            </summary>
        </member>
        <member name="F:KarveControls.DataField.ItemChangedCommandDependencyProperty">
            <summary>
            Command associated to the changed of a property. It gets triggered when a change happens.
            </summary>
        </member>
        <member name="P:KarveControls.DataField.ItemChangedCommand">
            <summary>
             Command related to the change of an item.
            </summary>
        </member>
        <member name="F:KarveControls.DataField.UpperCaseDependencyProperty">
            <summary>
             Uppercase dependency properties.
            </summary>
        </member>
        <member name="P:KarveControls.DataField.UpperCase">
            <summary>
             UpperCase property.
            </summary>
        </member>
        <member name="P:KarveControls.DataField.DataFieldHeight">
            <summary>
            Height of the datafield textbox.
            </summary>
        </member>
        <member name="F:KarveControls.DataField.CHANGED_VALUE">
            <summary>
             Constant for changed value index
            </summary>
        </member>
        <member name="F:KarveControls.DataField.FIELD">
            <summary>
             Constant for the field value.
            </summary>
        </member>
        <member name="F:KarveControls.DataField.DATATABLE">
            <summary>
             Constant for the field data table
            </summary>
        </member>
        <member name="F:KarveControls.DataField.TABLENAME">
            <summary>
             Constant for the table name field.
            </summary>
        </member>
        <member name="M:KarveControls.DataField.#ctor">
            <summary>
             Simple field with associated the database field. 
            This is pretty useful for creating automagically the query to send to the data layer and bind the data.
            </summary>
        </member>
        <member name="M:KarveControls.DataField.InitializeComponent">
            <summary>
            InitializeComponent
            </summary>
        </member>
        <member name="T:KarveControls.DataRadioGroup">
            <summary>
            Interaction logic for DataRadioGroup.xaml
            </summary>
            <summary>
            DataRadioGroup
            </summary>
        </member>
        <member name="M:KarveControls.DataRadioGroup.InitializeComponent">
            <summary>
            InitializeComponent
            </summary>
        </member>
        <member name="T:KarveControls.DataRadio">
            <summary>
            Interaction logic for DataRadio.xaml
            </summary>
            <summary>
            DataRadio
            </summary>
        </member>
        <member name="M:KarveControls.DataRadio.InitializeComponent">
            <summary>
            InitializeComponent
            </summary>
        </member>
        <member name="T:KarveControls.RatingsControl">
            <summary>
            Interaction logic for RatingsControl.xaml
            </summary>
            <summary>
            RatingsControl
            </summary>
        </member>
        <member name="F:KarveControls.RatingsControl.BackgroundColorProperty">
            <summary>
            BackgroundColor Dependency Property
            </summary>
        </member>
        <member name="P:KarveControls.RatingsControl.BackgroundColor">
            <summary>
            Gets or sets the BackgroundColor property.  
            </summary>
        </member>
        <member name="M:KarveControls.RatingsControl.OnBackgroundColorChanged(System.Windows.DependencyObject,System.Windows.DependencyPropertyChangedEventArgs)">
            <summary>
            Handles changes to the BackgroundColor property.
            </summary>
        </member>
        <member name="F:KarveControls.RatingsControl.StarForegroundColorProperty">
            <summary>
            StarForegroundColor Dependency Property
            </summary>
        </member>
        <member name="P:KarveControls.RatingsControl.StarForegroundColor">
            <summary>
            Gets or sets the StarForegroundColor property.  
            </summary>
        </member>
        <member name="M:KarveControls.RatingsControl.OnStarForegroundColorChanged(System.Windows.DependencyObject,System.Windows.DependencyPropertyChangedEventArgs)">
            <summary>
            Handles changes to the StarForegroundColor property.
            </summary>
        </member>
        <member name="F:KarveControls.RatingsControl.StarOutlineColorProperty">
            <summary>
            StarOutlineColor Dependency Property
            </summary>
        </member>
        <member name="P:KarveControls.RatingsControl.StarOutlineColor">
            <summary>
            Gets or sets the StarOutlineColor property.  
            </summary>
        </member>
        <member name="M:KarveControls.RatingsControl.OnStarOutlineColorChanged(System.Windows.DependencyObject,System.Windows.DependencyPropertyChangedEventArgs)">
            <summary>
            Handles changes to the StarOutlineColor property.
            </summary>
        </member>
        <member name="F:KarveControls.RatingsControl.ValueProperty">
            <summary>
            Value Dependency Property
            </summary>
        </member>
        <member name="P:KarveControls.RatingsControl.Value">
            <summary>
            Gets or sets the Value property.  
            </summary>
        </member>
        <member name="M:KarveControls.RatingsControl.OnValueChanged(System.Windows.DependencyObject,System.Windows.DependencyPropertyChangedEventArgs)">
            <summary>
            Handles changes to the Value property.
            </summary>
        </member>
        <member name="M:KarveControls.RatingsControl.CoerceValueValue(System.Windows.DependencyObject,System.Object)">
            <summary>
            Coerces the Value value.
            </summary>
        </member>
        <member name="F:KarveControls.RatingsControl.NumberOfStarsProperty">
            <summary>
            NumberOfStars Dependency Property
            </summary>
        </member>
        <member name="P:KarveControls.RatingsControl.NumberOfStars">
            <summary>
            Gets or sets the NumberOfStars property.  
            </summary>
        </member>
        <member name="M:KarveControls.RatingsControl.OnNumberOfStarsChanged(System.Windows.DependencyObject,System.Windows.DependencyPropertyChangedEventArgs)">
            <summary>
            Handles changes to the NumberOfStars property.
            </summary>
        </member>
        <member name="M:KarveControls.RatingsControl.CoerceNumberOfStarsValue(System.Windows.DependencyObject,System.Object)">
            <summary>
            Coerces the NumberOfStars value.
            </summary>
        </member>
        <member name="F:KarveControls.RatingsControl.MaximumProperty">
            <summary>
            Maximum Dependency Property
            </summary>
        </member>
        <member name="P:KarveControls.RatingsControl.Maximum">
            <summary>
            Gets or sets the Maximum property.  
            </summary>
        </member>
        <member name="F:KarveControls.RatingsControl.MinimumProperty">
            <summary>
            Minimum Dependency Property
            </summary>
        </member>
        <member name="P:KarveControls.RatingsControl.Minimum">
            <summary>
            Gets or sets the Minimum property.  
            </summary>
        </member>
        <member name="M:KarveControls.RatingsControl.SetupStars(KarveControls.RatingsControl)">
            <summary>
            Sets up stars when Value or NumberOfStars properties change
            Will only show up to the number of stars requested (up to Maximum)
            so if Value > NumberOfStars * 1, then Value is clipped to maximum
            number of full stars
            </summary>
            <param name="ratingsControl"></param>
        </member>
        <member name="M:KarveControls.RatingsControl.InitializeComponent">
            <summary>
            InitializeComponent
            </summary>
        </member>
        <member name="T:KarveControls.StarsControl">
            <summary>
            Lógica de interacción para StarsControl.xaml
            </summary>
            <summary>
            StarsControl
            </summary>
        </member>
        <member name="F:KarveControls.StarsControl.BackgroundColorProperty">
            <summary>
            BackgroundColor Dependency Property
            </summary>
        </member>
        <member name="P:KarveControls.StarsControl.BackgroundColor">
            <summary>
            Gets or sets the BackgroundColor property.  
            </summary>
        </member>
        <member name="M:KarveControls.StarsControl.OnBackgroundColorChanged(System.Windows.DependencyObject,System.Windows.DependencyPropertyChangedEventArgs)">
            <summary>
            Handles changes to the BackgroundColor property.
            </summary>
        </member>
        <member name="F:KarveControls.StarsControl.StarForegroundColorProperty">
            <summary>
            StarForegroundColor Dependency Property
            </summary>
        </member>
        <member name="P:KarveControls.StarsControl.StarForegroundColor">
            <summary>
            Gets or sets the StarForegroundColor property.  
            </summary>
        </member>
        <member name="M:KarveControls.StarsControl.OnStarForegroundColorChanged(System.Windows.DependencyObject,System.Windows.DependencyPropertyChangedEventArgs)">
            <summary>
            Handles changes to the StarForegroundColor property.
            </summary>
        </member>
        <member name="F:KarveControls.StarsControl.StarOutlineColorProperty">
            <summary>
            StarOutlineColor Dependency Property
            </summary>
        </member>
        <member name="P:KarveControls.StarsControl.StarOutlineColor">
            <summary>
            Gets or sets the StarOutlineColor property.  
            </summary>
        </member>
        <member name="M:KarveControls.StarsControl.OnStarOutlineColorChanged(System.Windows.DependencyObject,System.Windows.DependencyPropertyChangedEventArgs)">
            <summary>
            Handles changes to the StarOutlineColor property.
            </summary>
        </member>
        <member name="F:KarveControls.StarsControl.ValueProperty">
            <summary>
            Value Dependency Property
            </summary>
        </member>
        <member name="P:KarveControls.StarsControl.Value">
            <summary>
            Gets or sets the Value property.  
            </summary>
        </member>
        <member name="M:KarveControls.StarsControl.OnValueChanged(System.Windows.DependencyObject,System.Windows.DependencyPropertyChangedEventArgs)">
            <summary>
            Handles changes to the Value property.
            </summary>
        </member>
        <member name="M:KarveControls.StarsControl.CoerceValueValue(System.Windows.DependencyObject,System.Object)">
            <summary>
            Coerces the Value value.
            </summary>
        </member>
        <member name="F:KarveControls.StarsControl.MaximumProperty">
            <summary>
            Maximum Dependency Property
            </summary>
        </member>
        <member name="P:KarveControls.StarsControl.Maximum">
            <summary>
            Gets or sets the Maximum property.  
            </summary>
        </member>
        <member name="F:KarveControls.StarsControl.MinimumProperty">
            <summary>
            Minimum Dependency Property
            </summary>
        </member>
        <member name="P:KarveControls.StarsControl.Minimum">
            <summary>
            Gets or sets the Minimum property.  
            </summary>
        </member>
        <member name="M:KarveControls.StarsControl.InitializeComponent">
            <summary>
            InitializeComponent
            </summary>
        </member>
        <member name="T:KarveControls.DualDataField">
            <summary>
            Interaction logic for DualDataField.xaml
            </summary>
            <summary>
            DualDataField
            </summary>
        </member>
        <member name="M:KarveControls.DualDataField.InitializeComponent">
            <summary>
            InitializeComponent
            </summary>
        </member>
        <member name="T:KarveControls.DualFieldSearchBox">
            <summary>
            User control for a search box. 
            It allows us to have a single field or a doble field search box with a valid magnifier.
            </summary>
            <summary>
            DualFieldSearchBox
            </summary>
        </member>
        <member name="F:KarveControls.DualFieldSearchBox.MagnifierCommandProperty">
            <summary>
             Magnifier command dependency property.
            </summary>
        </member>
        <member name="F:KarveControls.DualFieldSearchBox.CommandProperty">
            <summary>
            Command dependency property.
            </summary>  
        </member>
        <member name="F:KarveControls.DualFieldSearchBox.AssistNameDependencyProperty">
            <summary>
             Name of the assist table. The assist table is the table used to ref integrity with the previous table.
            </summary>
        </member>
        <member name="F:KarveControls.DualFieldSearchBox.AssistDataFieldFirstDependencyProperty">
            <summary>
             Field of cross reference with the assist table. Primary Key.
            </summary>
        </member>
        <member name="F:KarveControls.DualFieldSearchBox.AssistDataFieldSecondDependencyProperty">
            <summary>
            Second field that it can be used in the assist table.
            </summary>
        </member>
        <member name="F:KarveControls.DualFieldSearchBox.TextContentFirstDependencyProperty">
            <summary>
            Content of the first textbox.
            </summary>
        </member>
        <member name="F:KarveControls.DualFieldSearchBox.TextContentSecondDependencyProperty">
            <summary>
             Content of the second textbox.
            </summary>
        </member>
        <member name="F:KarveControls.DualFieldSearchBox.TextContentFirstWidthDependencyProperty">
            <summary>
             Width content of the first textbox.
            </summary>
        </member>
        <member name="F:KarveControls.DualFieldSearchBox.TextContentSecondWidthDependencyProperty">
            <summary>
             Width content of the second textbox
            </summary>
        </member>
        <member name="F:KarveControls.DualFieldSearchBox.ButtonImageDependencyProperty">
            <summary>
             Kind of image to be associated to the button in the searchbox.
            </summary>
        </member>
        <member name="F:KarveControls.DualFieldSearchBox.SourceViewDependencyProperty">
            <summary>
             DataTable or data object to be associated with the search. Cross reference table.
            </summary>
        </member>
        <member name="F:KarveControls.DualFieldSearchBox.MagnifierPressEvent">
            <summary>
             Event associated with the magnifier press.
            </summary>
        </member>
        <member name="F:KarveControls.DualFieldSearchBox.ItemSourceDependencyProperty">
            <summary>
             DataTable or data object associated with the item source.
            </summary>
        </member>
        <member name="F:KarveControls.DualFieldSearchBox.DataFieldFirstDependencyProperty">
            <summary>
            Primary Key or first field to be associated with the table. It is a data table or a name of property.
            </summary>
        </member>
        <member name="F:KarveControls.DualFieldSearchBox.ItemChangedCommandDependencyProperty">
            <summary>
            Command associated to the changed of a property. It gets triggered when a change happens.
            </summary>
        </member>
        <member name="F:KarveControls.DualFieldSearchBox.DataFieldSecondDependencyProperty">
            ItemChangeCommand
            <summary>
            Other field to be associated optionally if there is no cross reference with the second textbox.
            </summary>
        </member>
        <member name="F:KarveControls.DualFieldSearchBox.DataAllowedFirstDependencyProperty">
            <summary>
            The kind of data allowed with this control: Email,Iban,Nif,etc. can be valuable values.
            </summary>
        </member>
        <member name="F:KarveControls.DualFieldSearchBox.DataAllowedSecondDependencyProperty">
            <summary>
            The kind of data allowed with this control: Email,Iban,Nif,etc. can be valuable values.
            </summary>
        </member>
        <member name="F:KarveControls.DualFieldSearchBox.DataFieldsDependencyProperty">
            <summary>
             This control can accept its data fields as list of string.
            </summary>
        </member>
        <member name="F:KarveControls.DualFieldSearchBox.IsReadOnlyProperty">
            <summary>
             Set or Get if the control is made readonly. Both first or second field.
            </summary>
        </member>
        <member name="F:KarveControls.DualFieldSearchBox.IsReadOnlyFirstProperty">
            <summary>
             Set or Get if the control first field is readonly.
            </summary>
        </member>
        <member name="F:KarveControls.DualFieldSearchBox.IsReadOnlySecondProperty">
            <summary>
             Set or Get if the control second field is readonly.
            </summary>
        </member>
        <member name="F:KarveControls.DualFieldSearchBox.TableNameDependencyProperty">
            <summary>
             Set or Get the first table name.
            </summary>
        </member>
        <member name="F:KarveControls.DualFieldSearchBox.LabelVisibleDependencyProperty">
            <summary>
             Enable/Disable Visibility of the Label.
            </summary>
        </member>
        <member name="P:KarveControls.DualFieldSearchBox.LabelVisible">
            <summary>
             Set or Get the Label Visible: Hidden or Collasped.
            </summary>
        </member>
        <member name="P:KarveControls.DualFieldSearchBox.ItemChangedCommand">
            <summary>
             Set or Get The TableName
            </summary>
        </member>
        <member name="P:KarveControls.DualFieldSearchBox.TableName">
            <summary>
             Set or Get The TableName
            </summary>
        </member>
        <member name="F:KarveControls.DualFieldSearchBox.AssistQueryChangedEvent">
            <summary>
             Event raised when the magnifier is pressed.
            </summary>
        </member>
        <member name="F:KarveControls.DualFieldSearchBox.DataSearchTextBoxChangedEvent">
            <summary>
             Event raise when one of the two textbox is pressed.
            </summary>
        </member>
        <member name="E:KarveControls.DualFieldSearchBox.MagnifierPress">
            <summary>
             Get the event handler from the magnifier.
            </summary>
        </member>
        <member name="P:KarveControls.DualFieldSearchBox.ButtonImage">
            <summary>
             Button image to be associated to the magnifier
            </summary>
        </member>
        <member name="P:KarveControls.DualFieldSearchBox.DataAllowedFirst">
            <summary>
            First data allowed.
            </summary>
        </member>
        <member name="P:KarveControls.DualFieldSearchBox.DataAllowedSecond">
            <summary>
             Second data allowed.
            </summary>
        </member>
        <member name="P:KarveControls.DualFieldSearchBox.AssistTableName">
            <summary>
             AssitTableName. Name of the table.
            </summary>
        </member>
        <member name="P:KarveControls.DualFieldSearchBox.AssistDataFieldFirst">
            <summary>
             Get or Set the assist data field. This is the first field to be crossreferenced.
            </summary>
        </member>
        <member name="P:KarveControls.DualFieldSearchBox.AssistDataFieldSecond">
            <summary>
             Get or Set the assist data field second for the assist query. This is the second name, generally readonly to be used.
            </summary>
        </member>
        <member name="P:KarveControls.DualFieldSearchBox.DataFieldFirst">
            <summary>
            Get or Set the data field first for the assist query.
            </summary>
        </member>
        <member name="P:KarveControls.DualFieldSearchBox.DataFieldSecond">
            <summary>
            Get or Set the data field second for the assist query.
            </summary>
        </member>
        <member name="P:KarveControls.DualFieldSearchBox.DataFields">
            <summary>
            Get or Set the data fields in the searchbox.
            </summary>
        </member>
        <member name="P:KarveControls.DualFieldSearchBox.LabelText">
            <summary>
            LabelText.
            </summary>
        </member>
        <member name="F:KarveControls.DualFieldSearchBox.AssistQueryDependencyProperty">
            <summary>
            Assist Query to be used.
            </summary>
        </member>
        <member name="P:KarveControls.DualFieldSearchBox.AssistQuery">
            <summary>
             Set/Get the assist query.
            </summary>
        </member>
        <member name="F:KarveControls.DualFieldSearchBox.DataSourceDependencyProperty">
            <summary>
             Dependency property for the data object.
            </summary>
        </member>
        <member name="P:KarveControls.DualFieldSearchBox.DataSource">
            <summary>
             DataSource dependency property.
            </summary>
        </member>
        <member name="F:KarveControls.DualFieldSearchBox.LabelTextDependencyProperty">
            <summary>
            Label Text to be used.
            </summary>
        </member>
        <member name="F:KarveControls.DualFieldSearchBox.LabelWidthDependencyProperty">
            <summary>
             Width of the label to be used.
            </summary>
        </member>
        <member name="F:KarveControls.DualFieldSearchBox.DefaultPageSize">
            <summary>
             PageSize to be used.
            </summary>
        </member>
        <member name="M:KarveControls.DualFieldSearchBox.#ctor">
            <summary>
            This is a component with a grid table associated.
            </summary>
        </member>
        <member name="P:KarveControls.DualFieldSearchBox.LabelWidth">
            <summary>
             Label Width
            </summary>
        </member>
        <member name="P:KarveControls.DualFieldSearchBox.TextContentFirst">
            <summary>
             TextContent of the first box.
            </summary>
        </member>
        <member name="P:KarveControls.DualFieldSearchBox.TextContentSecond">
            <summary>
             TextContent of the second box.
            </summary>
        </member>
        <member name="P:KarveControls.DualFieldSearchBox.TextContentFirstWidth">
            <summary>
             Width of the content width
            </summary>
        </member>
        <member name="P:KarveControls.DualFieldSearchBox.TextContentSecondWidth">
            <summary>
            width of the second content.
            </summary>
        </member>
        <member name="P:KarveControls.DualFieldSearchBox.MagnifierCommand">
            <summary>
             Set/Get the command for the magnifier.
            </summary>
        </member>
        <member name="P:KarveControls.DualFieldSearchBox.ItemSource">
            <summary>
            Set or Get the command for the source.
            </summary>
        </member>
        <member name="P:KarveControls.DualFieldSearchBox.SourceView">
            <summary>
             Assist data table to be referenced.
            </summary>
        </member>
        <member name="F:KarveControls.DualFieldSearchBox.LabelTextWidthDependencyProperty">
            <summary>
            Dependency Properties width of the label to be used.
            </summary>
        </member>
        <member name="P:KarveControls.DualFieldSearchBox.LabelTextWidth">
            <summary>
             Label text width
            </summary>
        </member>
        <member name="M:KarveControls.DualFieldSearchBox.ComputeFieldFormat(System.Data.DataTable,System.String,System.String,System.String)">
            <summary>
            This method compute the filed format needed for selecting in the data table of the dual field search box.
            </summary>
            <param name="itemSource">DataTable needed to look for</param>
            <param name="dataFieldFirst">Primary key to search for in the item source</param>
            <param name="valueToFind">Value to find in the data table</param>
            <param name="assistDataField">Cross reference field to look for.</param>
            <returns></returns>
        </member>
        <member name="T:KarveControls.DualFieldSearchBox.MagnifierPressEventArgs">
            <summary>
            MagnifierPressEventArgs. This is the event pressed when
            </summary>
        </member>
        <member name="F:KarveControls.DualFieldSearchBox.MagnifierPressEventArgs.ASSISTTABLE">
            <summary>
            Constant to access to the tableName in the parameters of the event
            </summary>
        </member>
        <member name="F:KarveControls.DualFieldSearchBox.MagnifierPressEventArgs.ASSISTQUERY">
            <summary>
            Constant to access to the queries in the parameters of the event
            </summary>
        </member>
        <member name="M:KarveControls.DualFieldSearchBox.MagnifierPressEventArgs.#ctor">
            <summary>
            MagnifierPressEvents. Constructor 
            </summary>
        </member>
        <member name="M:KarveControls.DualFieldSearchBox.MagnifierPressEventArgs.#ctor(System.Windows.RoutedEvent)">
            <summary>
            MagnifierPressEventsArgs. Event constructor 
            </summary>
        </member>
        <member name="P:KarveControls.DualFieldSearchBox.MagnifierPressEventArgs.AssistParameters">
            <summary>
             Parameters to be conveyed.
            </summary>
        </member>
        <member name="P:KarveControls.DualFieldSearchBox.MagnifierPressEventArgs.AssistQuery">
            <summary>
            PageSize of the assist table. The assist table can be paged. 
            This value specify the default value in case of paging.
            </summary>
            <summary>
            Set or Get the query.
            </summary>
        </member>
        <member name="P:KarveControls.DualFieldSearchBox.MagnifierPressEventArgs.TableName">
            <summary>
            Set or Get the tableName.
            </summary>
        </member>
        <member name="M:KarveControls.DualFieldSearchBox.InitializeComponent">
            <summary>
            InitializeComponent
            </summary>
        </member>
        <member name="M:KarveControls.Generic.ComponentFiller.FetchFillerCheckBox(System.Data.DataTable,System.String,System.Windows.Controls.CheckBox@)">
            <summary>
             This method fills the checkbox value with the value of the itemsource.
            </summary>
            <param name="itemSource"></param>
            <param name="fieldName"></param>
            <param name="checkBox"></param>
            <returns></returns>
        </member>
        <member name="T:KarveControls.Generic.KarveMessageBox">
            <summary>
            Interaction logic for KarveMessageBox.xaml
            </summary>
            <summary>
            KarveMessageBox
            </summary>
        </member>
        <member name="M:KarveControls.Generic.KarveMessageBox.InitializeComponent">
            <summary>
            InitializeComponent
            </summary>
        </member>
        <member name="T:KarveControls.KarveExt">
            <summary>
             This is a list of attached properties to be associated to each karve control.
            </summary>
        </member>
        <member name="T:KarveControls.KarveExt.DataType">
            <summary>
             DataType to be allowed.
            </summary>
        </member>
        <member name="F:KarveControls.KarveExt.DataType.DoubleField">
            <summary>
             Double kind of data.
            </summary>
        </member>
        <member name="F:KarveControls.KarveExt.DataType.IntegerField">
            <summary>
            Integer field of the component.
            </summary>
        </member>
        <member name="F:KarveControls.KarveExt.DataType.NifField">
            <summary>
             Nif field of the component.
            </summary>
        </member>
        <member name="F:KarveControls.KarveExt.DataType.IbanField">
            <summary>
             Iban field of the component.
            </summary>
        </member>
        <member name="F:KarveControls.KarveExt.DataType.Any">
            <summary>
             Any other kind of field control.
            </summary>
        </member>
        <member name="F:KarveControls.KarveExt.DataType.Email">
            <summary>
             Email kind field of the control.
            </summary>
        </member>
        <member name="F:KarveControls.KarveExt.DataType.BankAccount">
            <summary>
             Bank Account field of the control.
            </summary>
        </member>
        <member name="F:KarveControls.KarveExt.DataType.Swift">
            <summary>
             Swift field of the control.
            </summary>
        </member>
        <member name="F:KarveControls.KarveExt.DataType.DateTime">
            <summary>
             Datatime field of the contorl.
            </summary>
        </member>
        <member name="F:KarveControls.KarveExt.DescriptionDependencyProperty">
            <summary>
             This is a metadata that describe a component.
            </summary>
        </member>
        <member name="F:KarveControls.KarveExt.DataAllowedDependencyProperty">
            <summary>
             This is the kind of data allowd.
            </summary>
        </member>
        <member name="P:KarveControls.KarveExt.DataAllowed">
            <summary>
             Kind of data allowed for this component.
            </summary>
        </member>
        <member name="F:KarveControls.KarveExt.DataSourceDependencyProperty">
            <summary>
             DataSource: data table or data object associaed with this control.
            </summary>
        </member>
        <member name="P:KarveControls.KarveExt.DataSource">
            <summary>
             Set/Gey the data source
            </summary>
        </member>
        <member name="F:KarveControls.KarveExt.DbTableNameDependencyProperty">
            <summary>
             Dependency property associated with the name of the table.
            </summary>
        </member>
        <member name="P:KarveControls.KarveExt.TableName">
            <summary>
             Set or Get the name of the table associated to this control.
            </summary>
        </member>
        <member name="T:KarveControls.KarveGrid.ColumnVirtual.VirtualDataGridColumns">
            <summary>
            VirtualDataGridColumns is dictionary for storing a collection of a datagrid columns virtual by its name.
            </summary>
        </member>
        <member name="T:KarveControls.KarveGrid.Column.Types.MDataBaseExtension.Fields">
            <summary>
            Mixin Private Data Fields
            </summary>
        </member>
        <member name="M:KarveControls.KarveGrid.Column.Types.MDataBaseExtension.GetPrivateData(KarveControls.KarveGrid.Column.Types.IMixinDataBaseExtension)">
            <summary>
            </summary>
            <param name="instance"></param>
            <returns></returns>
        </member>
        <member name="P:KarveControls.KarveGrid.Events.ChangeFilterEvent.ExpressionList">
            <summary>
            Clause of the filter
            </summary>
        </member>
        <member name="P:KarveControls.KarveGrid.Events.ChangeFilterEvent.TableName">
            <summary>
            Table to be updated from the view model
            </summary>
        </member>
        <member name="P:KarveControls.KarveGrid.Events.ChangeFilterEvent.ColumnsNames">
            <summary>
            Columns to be included in the select.
            </summary>
        </member>
        <member name="M:KarveControls.KarveGrid.GridDefinition.DataGridRule.TranslateFilter(KarveControls.KarveGrid.GridDefinition.DataGridRule.SortingCriteria)">
            <summary>
             This is an helper class for this.
            </summary>
            <param name="sc"></param>
            <returns></returns>
        </member>
        <member name="T:KarveControls.KarveGrid.KarveGridView">
            <summary>
             This component wraps a Telerick DataGrid enables the reuse of the grid in the WPF context.
             It can generate automagically the query from the columns names. 
            </summary>
        </member>
        <member name="F:KarveControls.KarveGrid.KarveGridView.GridTypeDependencyProperty">
            <summary>
            This depedency property exposes the grid type.
            </summary>
        </member>
        <member name="F:KarveControls.KarveGrid.KarveGridView.AliasFieldProperty">
            <summary>
             This dependency property exposes the field.
            </summary>
        </member>
        <member name="F:KarveControls.KarveGrid.KarveGridView.SourceViewProperty">
            <summary>
            This depedency property exposes the source of the GridView. It is the table associated to the source.
            </summary>
        </member>
        <member name="T:KarveControls.KarveGrid.KarveGridView.ChangedGridViewEventArgs">
            <summary>
             This event is the event of delete rows. It gets triggered when the user deletes a row.
            </summary>
        </member>
        <member name="T:KarveControls.KarveGrid.KarveGridView.ChangedGridViewEventArgs.EventParams">
            <summary>
            This lists the parameters that the event can convey.
            </summary>
        </member>
        <member name="F:KarveControls.KarveGrid.KarveGridView.ChangedGridViewEventArgs.EventParams.DataSource">
            <summary>
            Source of the data. It is a data source 
            </summary>
        </member>
        <member name="F:KarveControls.KarveGrid.KarveGridView.ChangedGridViewEventArgs.EventParams.TableName">
            <summary>
            Name of the table
            </summary>
        </member>
        <member name="F:KarveControls.KarveGrid.KarveGridView.ChangedGridViewEventArgs.EventParams.RowsDeleted">
            <summary>
            Rows deleted.
            </summary>
        </member>
        <member name="F:KarveControls.KarveGrid.KarveGridView.ChangedGridViewEventArgs.EventParams.Operation">
            <summary>
            Operation done in the grid.
            </summary>
        </member>
        <member name="F:KarveControls.KarveGrid.KarveGridView.ChangedGridViewEventArgs.EventParams.AliasField">
            <summary>
            Alias field.
            </summary>
        </member>
        <member name="T:KarveControls.KarveGrid.KarveGridView.ChangedGridViewEventArgs.Operation">
            <summary>
             Operation that changes the parameters.
            </summary>
            TODO This enum is duplicated in the DataPayLoad and it shall match.
        </member>
        <member name="F:KarveControls.KarveGrid.KarveGridView.ChangedGridViewEventArgs.Operation.Insert">
            <summary>
            Insert an item
            </summary>
        </member>
        <member name="F:KarveControls.KarveGrid.KarveGridView.ChangedGridViewEventArgs.Operation.Delete">
            <summary>
            Delete an item.
            </summary>
        </member>
        <member name="F:KarveControls.KarveGrid.KarveGridView.ChangedGridViewEventArgs.Operation.Update">
            <summary>
            Update an item
            </summary>
        </member>
        <member name="F:KarveControls.KarveGrid.KarveGridView.ChangedGridViewEventArgs._currentArrayList">
            <summary>
             Rows changed
            </summary>
        </member>
        <member name="F:KarveControls.KarveGrid.KarveGridView.ChangedGridViewEventArgs._operation">
            <summary>
            Kind of operation
            </summary>
        </member>
        <member name="M:KarveControls.KarveGrid.KarveGridView.ChangedGridViewEventArgs.#ctor">
            <summary>
             Base constructor
            </summary>
        </member>
        <member name="M:KarveControls.KarveGrid.KarveGridView.ChangedGridViewEventArgs.#ctor(System.Windows.RoutedEvent)">
            <summary>
             Constructor with an event.
            </summary>
            <param name="routedEvent"> This gives you the routedEvent</param>
        </member>
        <member name="P:KarveControls.KarveGrid.KarveGridView.ChangedGridViewEventArgs.Rows">
            <summary>
             This returns the current arraylist for the deleted collection in the grid.
            </summary>
        </member>
        <member name="P:KarveControls.KarveGrid.KarveGridView.ChangedGridViewEventArgs.DataSource">
            <summary>
             This returns the current data table.
            </summary>
        </member>
        <member name="P:KarveControls.KarveGrid.KarveGridView.ChangedGridViewEventArgs.TableName">
            <summary>
             Name of the table.
            </summary>
        </member>
        <member name="P:KarveControls.KarveGrid.KarveGridView.ChangedGridViewEventArgs.CurrentOperation">
            <summary>
             Current operation that the event conveys.
            </summary>
        </member>
        <member name="P:KarveControls.KarveGrid.KarveGridView.ChangedGridViewEventArgs.RowParameters">
            <summary>
             Dictionary of the parameters present in the event.
            </summary>
        </member>
        <member name="P:KarveControls.KarveGrid.KarveGridView.ChangedGridViewEventArgs.AliasField">
            <summary>
             Relational Id value.
            </summary>
        </member>
        <member name="F:KarveControls.KarveGrid.KarveGridView._masterTemplate">
            <summary>
            Master template for the grid.
            </summary>
        </member>
        <member name="E:KarveControls.KarveGrid.KarveGridView.ChangedRows">
            <summary>
             This event is to detect any modification to the grid. It can be a delete, insert, add of a row.
            </summary>
        </member>
        <member name="M:KarveControls.KarveGrid.KarveGridView.#ctor">
            <summary>
             This class is a wrapper to the Telerick Grid for allowing WPF Grid.
            </summary>
        </member>
        <member name="M:KarveControls.KarveGrid.KarveGridView.CurrentViewOnRowsChanged(System.Object,Telerik.WinControls.UI.GridViewCollectionChangedEventArgs)">
            <summary>
             This method handle the changes from the grid.
            </summary>
            <param name="sender"></param>
            <param name="e"></param>
        </member>
        <member name="P:KarveControls.KarveGrid.KarveGridView.SelectedRow">
            <summary>
             This return the selected row in the DataGrid.
            </summary>
        </member>
        <member name="P:KarveControls.KarveGrid.KarveGridView.SourceView">
            <summary>
             This set the DataSource in a form of a data table
            </summary>
        </member>
        <member name="P:KarveControls.KarveGrid.KarveGridView.PageSize">
            <summary>
             This returns the PageSize
            </summary>
        </member>
        <member name="P:KarveControls.KarveGrid.KarveGridView.ColumnWidth">
            <summary>
             This sets the 
            </summary>
        </member>
        <member name="T:KarveControls.KarveGrid.obj.Debug.GeneratedInternalTypeHelper">
            <summary>
            GeneratedInternalTypeHelper
            </summary>
        </member>
        <member name="M:KarveControls.KarveGrid.obj.Debug.GeneratedInternalTypeHelper.CreateInstance(System.Type,System.Globalization.CultureInfo)">
            <summary>
            CreateInstance
            </summary>
        </member>
        <member name="M:KarveControls.KarveGrid.obj.Debug.GeneratedInternalTypeHelper.GetPropertyValue(System.Reflection.PropertyInfo,System.Object,System.Globalization.CultureInfo)">
            <summary>
            GetPropertyValue
            </summary>
        </member>
        <member name="M:KarveControls.KarveGrid.obj.Debug.GeneratedInternalTypeHelper.SetPropertyValue(System.Reflection.PropertyInfo,System.Object,System.Object,System.Globalization.CultureInfo)">
            <summary>
            SetPropertyValue
            </summary>
        </member>
        <member name="M:KarveControls.KarveGrid.obj.Debug.GeneratedInternalTypeHelper.CreateDelegate(System.Type,System.Object,System.String)">
            <summary>
            CreateDelegate
            </summary>
        </member>
        <member name="M:KarveControls.KarveGrid.obj.Debug.GeneratedInternalTypeHelper.AddEventHandler(System.Reflection.EventInfo,System.Object,System.Delegate)">
            <summary>
            AddEventHandler
            </summary>
        </member>
        <member name="T:KarveControls.KarveGrid.obj.Debug.karveGrid">
            <summary>
            karveGrid
            </summary>
        </member>
        <member name="M:KarveControls.KarveGrid.obj.Debug.karveGrid.InitializeComponent">
            <summary>
            InitializeComponent
            </summary>
        </member>
        <member name="T:KarveControls.KarveGrid.obj.Debug.UserControl1">
            <summary>
            UserControl1
            </summary>
        </member>
        <member name="M:KarveControls.KarveGrid.obj.Debug.UserControl1.InitializeComponent">
            <summary>
            InitializeComponent
            </summary>
        </member>
        <member name="T:KarveControls.KarveGrid.Properties.Resources">
            <summary>
              A strongly-typed resource class, for looking up localized strings, etc.
            </summary>
        </member>
        <member name="P:KarveControls.KarveGrid.Properties.Resources.ResourceManager">
            <summary>
              Returns the cached ResourceManager instance used by this class.
            </summary>
        </member>
        <member name="P:KarveControls.KarveGrid.Properties.Resources.Culture">
            <summary>
              Overrides the current thread's CurrentUICulture property for all
              resource lookups using this strongly typed resource class.
            </summary>
        </member>
        <member name="T:KarveControls.Template.TemplateSelector">
            <summary>
            Template selector for the items and group of collection that appear in the code
            </summary>
        </member>
        <member name="M:KarveControls.Template.TemplateSelector.#ctor">
            <summary>
             This class is a data template selector foreach kind of UiData generated dynamically.
            </summary>
        </member>
        <member name="T:KarveControls.UIObjects.UiConstants">
            <summary>
             Costants for the ui elements.
            </summary>
        </member>
        <member name="F:KarveControls.UIObjects.UiConstants.ImagePath">
            <summary>
            ImagePath for searching
            </summary>
        </member>
        <member name="F:KarveControls.UIObjects.UiConstants.EmailImagePath">
            <summary>
             Email Image Path
            </summary>
        </member>
        <member name="F:KarveControls.UIObjects.UiConstants.TextboxHeight">
            <summary>
             TextBox Height
            </summary>
        </member>
        <member name="F:KarveControls.UIObjects.UiConstants.LabelTextWidthDefault">
            <summary>
            LabelText Width 
            </summary>
        </member>
        <member name="F:KarveControls.UIObjects.UiConstants.LabelTextSmallDefault">
            <summary>
            LabelText Width 
            </summary>
        </member>
        <member name="F:KarveControls.UIObjects.UiConstants.LabelTextVerySmall">
            <summary>
             very small path
            </summary>
        </member>
        <member name="F:KarveControls.UIObjects.UiConstants.TextBoxWidthVerySmall">
            <summary>
             TextBox Width Small
            </summary>
        </member>
        <member name="F:KarveControls.UIObjects.UiConstants.TextBoxWidthSmall">
            <summary>
             TextBox Width Small
            </summary>
        </member>
        <member name="F:KarveControls.UIObjects.UiConstants.TextBoxWidthDefault">
            <summary>
            TextBod Width Default
            </summary>
        </member>
        <member name="F:KarveControls.UIObjects.UiConstants.TextBoxWidthLarge">
            <summary>
             TextBox Width Large
            </summary>
        </member>
        <member name="F:KarveControls.UIObjects.UiConstants.TextBoxWidthWide">
            <summary>
            TextBox Width Wide.
            </summary>
        </member>
        <member name="T:KarveControls.UIObjects.UiDataCombox">
            <summary>
             UiDataCombox.
            
            </summary>
        </member>
        <member name="T:KarveControls.UIObjects.UiMultipleDfObject">
            <summary>
            UiMultipleDfObject allows us to compose simple data fields in a horizontal or vertical way.
            </summary>
        </member>
        <member name="M:KarveControls.UIObjects.UiMultipleDfObject.AddDataField(KarveControls.UIObjects.IUiObject)">
            <summary>
            This method add a new data field
            </summary>
            <param name="item"></param>
        </member>
        <member name="P:KarveControls.UIObjects.UiMultipleDfObject.DataTableNames">
            <summary>
            Property that return a list of tablenames.
            </summary>
        </member>
        <member name="P:KarveControls.UIObjects.UiMultipleDfObject.Values">
            <summary>
             Returns the Values of the objects
            </summary>
        </member>
        <member name="M:KarveControls.UIObjects.UiMultipleDfObject.SetSourceView(System.Data.DataTable,System.String)">
            <summary>
             Set the reference table foreach component in the collection.
            </summary>
            <param name="dataTable"></param>
            <param name="tableName"></param>
        </member>
        <member name="M:KarveControls.UIObjects.SQLBuilder.SqlBuilderSelect(System.Collections.Generic.List{System.String},System.String,System.String,System.Tuple{KarveCommon.Generic.RecopilatorioEnumerations.ETopDistinct,System.Int32,System.Int32},System.Collections.Generic.List{System.Tuple{KarveCommon.Generic.RecopilatorioEnumerations.EWhereLogicOperator,System.String,KarveCommon.Generic.RecopilatorioEnumerations.EWhereComparisson,KarveCommon.Generic.RecopilatorioEnumerations.ETipoDato,System.String}},System.Collections.Generic.List{System.Tuple{System.String,KarveCommon.Generic.RecopilatorioEnumerations.EOrderBy}})">
            <summary>
            Crea la sentencia SELECT teniendo en cuenta lo siguiente:<para/>
            List&lt;string&gt; columns -> colección de columns (el mapeo con la correspondiente columna de la tabla de la BBDD se encuentra 
                en el Tag del control correspondiente: alias.nombreColumna); * por defecto<para/>
            string table -> nombre de la tabla<para/>
            string tableAlias -> alias de la tabla<para/>
            Tuple&lt;ETopDistinct, int, int&gt; topDistinctClause -> TOP, STARTAT, DISTINCT; número de top en el caso TOP; número de start en el caso de STARTAT<para/>
            List&lt;Tuple&lt;EWhereLogicOperator, string, EWhereComparisson, ETipoDato, string&gt;&gt; whereClause -> 
                colección de condiciones para filtrar la tabla de la BBDD:
                operador lógico para WHERE múltiples (AND, OR); 
                columna a comparar; tipo de comparación (LIKE, IS NULL, IS NOT NULL, =,...); 
                dependiendo del tipo de valor, añadirá comillas simples (strings, char,...) + valor, o sólo el valor (numéricos); 
                valor a comparar<para/>
            List&lt;Tuple&lt;string, EOrderBy&gt;&gt; orderByClause -> colección de columnas por donde ordenar; tipo de ordenación (ASC, DESC)<para/>
            </summary>
            <param name="columns"></param>
            <param name="table"></param>
            <param name="tableAlias"></param>
            <param name="topDistinctClause"></param>
            <param name="whereClause"></param>
            <param name="orderByClause"></param>
            <returns></returns>
        </member>
        <member name="M:KarveControls.UIObjects.SQLBuilder.SqlBuilderSelect(System.Collections.Generic.List{System.String},System.String,System.String,System.Tuple{KarveCommon.Generic.RecopilatorioEnumerations.ETopDistinct,System.Int32,System.Int32},System.Tuple{KarveCommon.Generic.RecopilatorioEnumerations.EWhereLogicOperator,System.String,KarveCommon.Generic.RecopilatorioEnumerations.EWhereComparisson,KarveCommon.Generic.RecopilatorioEnumerations.ETipoDato,System.String},System.Tuple{System.String,KarveCommon.Generic.RecopilatorioEnumerations.EOrderBy})">
            <summary>
            Crea la sentencia SELECT teniendo en cuenta lo siguiente:<para/>
            List&lt;string&gt; columns -> colección de columns (el mapeo con la correspondiente columna de la tabla de la BBDD se encuentra 
                en el Tag del control correspondiente: alias.nombreColumna); * por defecto<para/>
            string table -> nombre de la tabla<para/>
            string tableAlias -> alias de la tabla<para/>
            Tuple&lt;ETopDistinct, int, int&gt; topDistinctClause -> TOP, STARTAT, DISTINCT; número de top en el caso TOP; número de start en el caso de STARTAT<para/>
            Tuple&lt;EWhereLogicOperator, string, EWhereComparisson, ETipoDato, string&gt; whereClause -> 
                condiciones para filtrar la tabla de la BBDD:
                operador lógico para WHERE múltiples (AND, OR); 
                columna a comparar; tipo de comparación (LIKE, IS NULL, IS NOT NULL, =,...); 
                dependiendo del tipo de valor, añadirá comillas simples (strings, char,...) + valor, o sólo el valor (numéricos); 
                valor a comparar<para/>
            Tuple&lt;string, EOrderBy&gt; orderByClause -> columnas por donde ordenar; tipo de ordenación (ASC, DESC)<para/>
            </summary>
            <param name="columns"></param>
            <param name="table"></param>
            <param name="tableAlias"></param>
            <param name="topDistinctClause"></param>
            <param name="whereClause"></param>
            <param name="orderByClause"></param>
            <returns></returns>
        </member>
        <member name="M:KarveControls.UIObjects.SQLBuilder.SqlBuilderSelect(System.Collections.Generic.List{System.String},System.String,System.String,System.Tuple{KarveCommon.Generic.RecopilatorioEnumerations.ETopDistinct,System.Int32,System.Int32},System.String,System.String)">
            <summary>
            Crea la sentencia SELECT teniendo en cuenta lo siguiente:<para/>
            List&lt;string&gt; columns -> colección de columns (el mapeo con la correspondiente columna de la tabla de la BBDD se encuentra 
                en el Tag del control correspondiente: alias.nombreColumna); * por defecto<para/>
            string table -> nombre de la tabla<para/>
            string tableAlias -> alias de la tabla<para/>
            Tuple&lt;ETopDistinct, int, int&gt; topDistinctClause -> TOP, STARTAT, DISTINCT; número de top en el caso TOP; número de start en el caso de STARTAT<para/>
            string whereClause -> condiciones para filtrar la tabla de la BBDD:
                operador lógico para WHERE múltiples (AND, OR); 
                columna a comparar; tipo de comparación (LIKE, IS NULL, IS NOT NULL, =,...); 
                dependiendo del tipo de valor, añadirá comillas simples (strings, char,...) + valor, o sólo el valor (numéricos); 
                valor a comparar<para/>
            string orderByClause -> columnas por donde ordenar; tipo de ordenación (ASC, DESC)<para/>
            </summary>
            <param name="columns"></param>
            <param name="table"></param>
            <param name="tableAlias"></param>
            <param name="topDistinctClause"></param>
            <param name="whereClause"></param>
            <param name="orderByClause"></param>
            <returns></returns>
        </member>
        <member name="M:KarveControls.UIObjects.SQLBuilder.SqlBuilderWhereOneRegister(System.Tuple{KarveCommon.Generic.RecopilatorioEnumerations.EWhereLogicOperator,System.String,KarveCommon.Generic.RecopilatorioEnumerations.EWhereComparisson,KarveCommon.Generic.RecopilatorioEnumerations.ETipoDato,System.String})">
            <summary>
            Crea la cláusula WHERE con la condición pasada por params en un Tuple:<para/>
            EWhereLogicOperator -&gt; tipo de operador lógico para WHERE múltiples (WHITESPACE, AND, OR)&lt;para/&gt;
            string -&gt; columna a comparar&lt;para/&gt;
            EWhereComparisson -&gt; tipo de comparación (LIKE, IS NULL, IS NOT NULL, =,...)&lt;para/&gt;
            ETipoDato -&gt; Dependiendo del tipo de valor, añadirá comillas simples (strings, char,...) + valor, o sólo el valor (numéricos)&lt;para/&gt;
            string -&gt; valor a comparar&lt;para/&gt;
            </summary>
            <param name="whereClause"></param>
            <returns></returns>
        </member>
        <member name="M:KarveControls.UIObjects.SQLBuilder.SqlBuilderWhereOneRegister(KarveCommon.Generic.RecopilatorioEnumerations.EWhereLogicOperator,System.String,KarveCommon.Generic.RecopilatorioEnumerations.EWhereComparisson,KarveCommon.Generic.RecopilatorioEnumerations.ETipoDato,System.String)">
            <summary>
            Crea la cláusula WHERE con la condición pasada por params:<para/>
            EWhereLogicOperator -> tipo de operador lógico para WHERE múltiples (WHITESPACE, AND, OR)<para/>
            string -> columna a comparar<para/>
            EWhereComparisson -> tipo de comparación (LIKE, IS NULL, IS NOT NULL, =,...)<para/>
            ETipoDato -> Dependiendo del tipo de valor, añadirá comillas simples (strings, char,...) + valor, o sólo el valor (numéricos)<para/>
            string -> valor a comparar<para/>
            </summary>
            <param name="wherelogicoperator"></param>
            <param name="column"></param>
            <param name="wherecomparissontype"></param>
            <param name="wherecomparissonvaluetype"></param>
            <param name="value"></param>
            <returns></returns>
        </member>
        <member name="M:KarveControls.UIObjects.SQLBuilder.SqlBuilderWhereList(System.Collections.Generic.List{System.Tuple{KarveCommon.Generic.RecopilatorioEnumerations.EWhereLogicOperator,System.String,KarveCommon.Generic.RecopilatorioEnumerations.EWhereComparisson,KarveCommon.Generic.RecopilatorioEnumerations.ETipoDato,System.String}})">
            <summary>
            Crea la cláusula WHERE con la List de condiciones pasadas por params:<para/>
            EWhereLogicOperator -> tipo de operador lógico para WHERE múltiples (WHITESPACE, AND, OR)<para/>
            string -> columna a comparar<para/>
            EWhereComparisson -> tipo de comparación (LIKE, IS NULL, IS NOT NULL, =,...)<para/>
            ETipoDato -> Dependiendo del tipo de valor, añadirá comillas simples (strings, char,...) + valor, o sólo el valor (numéricos)<para/>
            string -> valor a comparar<para/>
            </summary>
            <param name="whereClause"></param>
            <returns></returns>
        </member>
        <member name="M:KarveControls.UIObjects.SQLBuilder.SqlBuilderOrderByOne(System.Tuple{System.String,KarveCommon.Generic.RecopilatorioEnumerations.EOrderBy})">
            <summary>
            Crea la cláusula ORDER BY con la condición pasada por params en un Tuple:<para/>
            string -> columna por donde ordenar;<para/>
            EOrderBy -> tipo de operador ORDER BY (WHITESPACE, ASC, DESC);<para/>
            </summary>
            <param name="orderByClause"></param>
            <returns></returns>
        </member>
        <member name="M:KarveControls.UIObjects.SQLBuilder.SqlBuilderOrderByOne(System.String,KarveCommon.Generic.RecopilatorioEnumerations.EOrderBy)">
            <summary>
            Crea la cláusula ORDER BY con la condición pasada por params:<para/>
            string -> columna por donde ordenar;<para/>
            EOrderBy -> tipo de operador ORDER BY (WHITESPACE, ASC, DESC);<para/>
            </summary>
            <param name="column"></param>
            <param name="orderby"></param>
            <returns></returns>
        </member>
        <member name="M:KarveControls.UIObjects.SQLBuilder.SqlBuilderOrderByList(System.Collections.Generic.List{System.Tuple{System.String,KarveCommon.Generic.RecopilatorioEnumerations.EOrderBy}})">
            <summary>
            Crea la cláusula ORDER BY con la List de condiciones pasadas por params:<para/>
            string -> columna por donde ordenar<para/>
            EOrderBy -> tipo de operador ORDER BY (WHITESPACE, ASC, DESC);<para/>
            </summary>
            <param name="orderByClause"></param>
            <returns></returns>
        </member>
        <member name="M:KarveControls.UIObjects.SQLBuilder.SqlBuilderTopDistinct(KarveCommon.Generic.RecopilatorioEnumerations.ETopDistinct,System.Int32,System.Int32)">
            <summary>
            Crea la cláusula TOP, DISCTINCT o START AT con las condiciones pasadas por params:<para/>
            ETopDistinct topdistinct -> tipo de operador (TOP, DISCTINCT o STARTAT)<para/>
            int top -> (sólo para TOP y START AT), límite de columnas a mostrar<para/>
            int startat -> (sólo para START AT), índice desde donde se mostrarán las columnas<para/>
            </summary>
            <param name="topdistinct"></param>
            <param name="top"></param>
            <param name="startat"></param>
            <returns></returns>
        </member>
        <member name="M:KarveControls.UIObjects.SQLBuilder.SqlBuilderWhereLogicOperator(KarveCommon.Generic.RecopilatorioEnumerations.EWhereLogicOperator)">
            <summary>
            Devuelve el operador lógico AND O or con las condiciones pasadas por params:
            EWhereLogicOperator wherelogicoperator -> tipo de operador lógico(WHITESPACE, AND o OR)
            </summary>
            <param name="wherelogicoperator"></param>
            <returns></returns>
        </member>
        <member name="M:KarveControls.UIObjects.SQLBuilder.SqlBuilderWhereComparissonType(KarveCommon.Generic.RecopilatorioEnumerations.EWhereComparisson)">
            <summary>
            Devuelve el tipo de operador (LIKE, IS NULL, IS NOT NULL, EQUALS, =,...) con las condiciones pasadas por params:<para/>
            EWhereComparisson wherecomparissontype -> tipo de operador (LIKE, IS NULL, IS NOT NULL, EQUALS, =,...)<para/>
            </summary>
            <param name="wherecomparissontype"></param>
            <returns></returns>
        </member>
        <member name="M:KarveControls.UIObjects.SQLBuilder.SqlBuilderWhereComparissonValue(KarveCommon.Generic.RecopilatorioEnumerations.ETipoDato,System.String)">
            <summary>
            Devuelve el valor a comparar (con comillas simples '' para strings, sin comillas simples para numéricos) con las condiciones pasadas por params:<para/>
            ETipoDato wherecomparissonvaluetype -> tipo de dato del valor de la condición a comparar<para/>
            string wherecomparissonvalue -> valor de la condición a comparar<para/>
            </summary>
            <param name="wherecomparissonvaluetype"></param>
            <param name="wherecomparissonvalue"></param>
            <returns></returns>
        </member>
        <member name="M:KarveControls.UIObjects.SQLBuilder.SqlBuilderColumns``1(System.Windows.DependencyObject,System.Collections.Generic.List{System.Tuple{System.String,System.String}}@)">
            <summary>
            Recorre los controles de una pantalla (de forma recursiva para el caso que encuentre un control contenedor, p.e.: Grid, GroupBox, DockPanel, StackPanel,...),
            y devuelve un List&lt;string&gt; con el nombre de las columnas correspondientes en la BBDD para cada control<para/>
            DependencyObject container -> container a recorrer<para/>
            </summary>
            <typeparam name="T"></typeparam>
            <param name="container"></param>
            <returns></returns>
        </member>
        <member name="T:KarveControls.UIObjects.UiDataArea">
            <summary>
            This object abstract the component data area and makes it bindable.
             It has been used from the template selector and the user to make it works.
            </summary>
        </member>
        <member name="T:KarveControls.UIObjects.UiDualDfSearchTextObject">
            <summary>
             This user object represent an abstraction for a search text box.
            </summary>
        </member>
        <member name="T:KarveControls.UIObjects.UiDualDfSearchTextObject.OnAssistQueryRequestHandler">
            <summary>
             Assist Query Handler. This method allows you to detect when the user has pressed the magnifier and 
            delivers to you the query and the table name.
            </summary>
            <param name="assistTableName">Table to execute the query.</param>
            <param name="assistQuery">Query to be executed in the query.</param>
            <param name="field">Data Field seen as primary key.</param>
        </member>
        <member name="E:KarveControls.UIObjects.UiDualDfSearchTextObject.OnAssistQuery">
            <summary>
             Event to be risen during an assist query.
            </summary>
        </member>
        <member name="M:KarveControls.UIObjects.UiDualDfSearchTextObject.#ctor(System.String,System.String)">
            <summary>
            User object that represent an Doble field with a search text box using a cross reference table.
            </summary>
            <param name="labelTxt">Label of the data field.</param>
            <param name="labelWidth">Width of the label.</param>
        </member>
        <member name="P:KarveControls.UIObjects.UiDualDfSearchTextObject.AssistTableName">
            <summary>
            Name of the cross reference table
            </summary>
        </member>
        <member name="P:KarveControls.UIObjects.UiDualDfSearchTextObject.TextContentFirst">
            <summary>
             Property Text of the first field
            </summary>
        </member>
        <member name="P:KarveControls.UIObjects.UiDualDfSearchTextObject.TextContentSecond">
            <summary>
            Property Text of the second field
            </summary>
        </member>
        <member name="P:KarveControls.UIObjects.UiDualDfSearchTextObject.TextContentFirstWidth">
            <summary>
             Property Text width of the first field
            </summary>
        </member>
        <member name="P:KarveControls.UIObjects.UiDualDfSearchTextObject.TextContentSecondWidth">
            <summary>
            Property Text width of the second field
            </summary>
        </member>
        <member name="P:KarveControls.UIObjects.UiDualDfSearchTextObject.ButtonImage">
            <summary>
             Image button of the search box.
            </summary>
        </member>
        <member name="P:KarveControls.UIObjects.UiDualDfSearchTextObject.SourceView">
            <summary>
            
            </summary>
        </member>
        <member name="P:KarveControls.UIObjects.UiDualDfSearchTextObject.DataFieldFirst">
            <summary>
            DataFieldFirst.
            </summary>
        </member>
        <member name="P:KarveControls.UIObjects.UiDualDfSearchTextObject.ToSQLString">
            <summary>
             This returns the sql string query formed from the string.
            </summary>
        </member>
        <member name="P:KarveControls.UIObjects.UiDualDfSearchTextObject.AssistRefQuery">
            <summary>
             This returns the reference assist query
            </summary>
        </member>
        <member name="P:KarveControls.UIObjects.UiDualDfSearchTextObject.IsReadOnlyFirst">
            <summary>
            Set or Get the IsReadOnlyFirst
            </summary>
        </member>
        <member name="P:KarveControls.UIObjects.UiDualDfSearchTextObject.IsReadOnlySecond">
            <summary>
             Set or Get the IsReadOnlySecond
            </summary>
        </member>
        <member name="M:KarveControls.UIObjects.UiDualDfSearchTextObject.ComputeAssistantRefQuery(System.Data.DataSet)">
            <summary>
             This method compute the assistant query.
            </summary>
            <param name="itemSource">DataSet for which we need the queries.</param>
        </member>
        <member name="T:KarveControls.UIObjects.IUiObject">
            <summary>
             Common interface for a collection of user object. An user object is a control abstraction to be 
            binded to a data object or data table.
            </summary>
        </member>
        <member name="T:KarveControls.UIObjects.UiDfObject">
            <summary>
            UiDfObject is a user interface object that is able to be rendered as a data field.
            </summary>
        </member>
        <member name="T:KarveControls.UIObjects.UiDfObject.ChangedField">
            <summary>
             public delegate to detect a change in the datafiled
            </summary>
            <param name="eventDictionary"> Parameters returned from the datafield</param>
        </member>
        <member name="M:KarveControls.UIObjects.UiDfObject.#ctor">
            <summary>
            UiDfObject. Object for a data field control binded with a data object or a data table
            </summary>
        </member>
        <member name="M:KarveControls.UIObjects.UiDfObject.#ctor(System.String,System.String)">
            <summary>
            UiDfObject. UiObject for data representation to be binded with a data object or a data table
            </summary>
            <param name="label">Visible lable of a UiDfObject</param>
            <param name="labelTextWidth"></param>
        </member>
        <member name="P:KarveControls.UIObjects.UiDfObject.Description">
            <summary>
            Description of the field
            </summary>
        </member>
        <member name="P:KarveControls.UIObjects.UiDfObject.DataAllowed">
            <summary>
             Data allowed for having control validation rules.
            </summary>
        </member>
        <member name="P:KarveControls.UIObjects.UiDfObject.AllowedEmpty">
            <summary>
            Property to be binded
            </summary>
        </member>
        <member name="T:KarveControls.UIObjects.UiObjectsLoader">
            <summary>
            This class serialize and deserialize a collection of UiObjects.
            </summary>
        </member>
        <member name="M:KarveControls.UIObjects.UiObjectsLoader.LoadCollection(System.String)">
            <summary>
            This method loads a collection of UI objects from a file
            An UIObject is an object that it is useful for rendering and it has been already 
            binded to a database field.
            </summary>
            <param name="path">Path of the file to be loaded</param>
            <returns></returns>
        </member>
        <member name="M:KarveControls.UIObjects.UiObjectsLoader.SaveCollection(System.Collections.ObjectModel.ObservableCollection{KarveControls.UIObjects.IUiObject},System.String)">
            <summary>
            This method save a collection of UiObjects to disk
            </summary>
            <param name="observableCollection">Observable collection of objects</param>
            <param name="path">Path of the file to be saved</param>
        </member>
        <member name="T:XamlGeneratedNamespace.GeneratedInternalTypeHelper">
            <summary>
            GeneratedInternalTypeHelper
            </summary>
        </member>
        <member name="M:XamlGeneratedNamespace.GeneratedInternalTypeHelper.CreateInstance(System.Type,System.Globalization.CultureInfo)">
            <summary>
            CreateInstance
            </summary>
        </member>
        <member name="M:XamlGeneratedNamespace.GeneratedInternalTypeHelper.GetPropertyValue(System.Reflection.PropertyInfo,System.Object,System.Globalization.CultureInfo)">
            <summary>
            GetPropertyValue
            </summary>
        </member>
        <member name="M:XamlGeneratedNamespace.GeneratedInternalTypeHelper.SetPropertyValue(System.Reflection.PropertyInfo,System.Object,System.Object,System.Globalization.CultureInfo)">
            <summary>
            SetPropertyValue
            </summary>
        </member>
        <member name="M:XamlGeneratedNamespace.GeneratedInternalTypeHelper.CreateDelegate(System.Type,System.Object,System.String)">
            <summary>
            CreateDelegate
            </summary>
        </member>
        <member name="M:XamlGeneratedNamespace.GeneratedInternalTypeHelper.AddEventHandler(System.Reflection.EventInfo,System.Object,System.Delegate)">
            <summary>
            AddEventHandler
            </summary>
        </member>
    </members>
</doc>
