<?xml version="1.0" encoding="UTF-8" ?>
<sqlMap namespace="Auxiliares" xmlns="http://ibatis.apache.org/mapping" xmlns:xsi="http://www.w3.org/2001/XMLSchema-instance" >	       
	<resultMaps>                                    
		<resultMap id="BankResultMap"  class="BancoDataObject" >
			<result property="Codigo"     		column="CODBAN"/>
			<result property="Definicion"    		column="NOMBRE"/>
			<result property="Swift"     		column="SWIFT"/>
			<result property="Gestionar"     		column="GESTIONAR"/>
			<result property="UltimaModifica"     	column="ULTMODI"/>
			<result property="Usuario"     	column="USUARIO"/>
		</resultMap>
		<resultMap id ="OfficeZoneResultMap" class="ZonaOfficina">
			<result property="Codigo" column="COD_ZONAOFI" />
			<result property="Definicion" column="NOM_ZONA" />
			<result property="Plaza" column="PLAZA" />
			<result property="UltimaModifica" column="ULTMODI" />
			<result property="Usuario" column="USUARIO" />		
		</resultMap>
		<resultMap id="FacturationResultMap" class="BloqueFacturacion">
		<result property="Codigo" column="CODIGO" />
		<result property="Definicion"  column="NOMBRE" />
		</resultMap>
		<resultMap id="CanalesResultMap" class="CanalCliente">
		<result property="Codigo" column="CODIGO" />
		<result property="Definicion"  column="NOMBRE" />
		<result property="UltimaModificacion"  column="ULTMODI" />
		<result property="Usuario"  column="USUARIO" />
		</resultMap>
		<resultMap id="CargoPersonalResultMap" class="CargoPersonal">
		<result property="Codigo" column="COD_CAT" />
		<result property="Definicion"  column="NOM_CAT" />
		<result property="UltimaModificacion"  column="ULTMODI" />
		<result property="Usuario"  column="USUARIO" />
		</resultMap>
		<resultMap id="MercadoResultMap" class="Mercado">
		<result property="Codigo" column="CODIGO" />
		<result property="Definicion"  column="NOMBRE" />
		<result property="UltimaModificacion"  column="ULTMODI" />
		<result property="Usuario"  column="USUARIO" />
		</resultMap>
		<resultMap id="ClavePresupuestoResultMap" class="ClavePresupuesto">
		<result property="Codigo" column="COD_CLAVE" />
		<result property="Definicion"  column="NOM_CAT" />
		<result property="UltimaModificacion"  column="ULTMODI" />
		<result property="Usuario"  column="USUARIO" />
		</resultMap>
		<resultMap id="NegociosResultMap" class="Negocios">
		<result property="Codigo" column="COD_CLAVE" />
		<result property="Definicion"  column="NOM_CAT" />
		<result property="UltimaModificacion"  column="ULTMODI" />
		<result property="Usuario"  column="USUARIO" />
		</resultMap>
	  
    <resultMap id="OriginClientesResultMap" class="OriginCliente">
		<result property="Codigo" column="NUM_ORIGEN" />
		<result property="Definicion"  column="NOMBRE" />
    <result property="ClaveFee"  column="CLAFEE" />
    <result property="Telefono"  column="TELF_TC" />
    <result property="Grupo"  column="CLAFEE" />  
    <result property="Mail"  column="MAIL_TC" />
    <result property="Logo"  column="LOGO_TC" />
    <result property="Domicilio1"  column="DIR_TC" />
    <result property="Domicilio2"  column="DIR2_TC" />
    <result property="Pais"  column="PAIS_TC" />
		</resultMap>
    <resultMap id="PoblacionResultMap" class="Poblacion">
	    <result property="Codigo" column="CP" />
	    <result property="Definicion"  column="POBLA" />
	    <result property="Pais"  column="PAIS" />
	    <result property="ZonaCommercial"  column="ZONACOMER_CP" />
      <result property="UltimaModificacion"  column="ULTMODI" />
      <result property="Usuario"  column="USUARIO" />
    </resultMap>
	  <resultMap id="PoblacionResultMap" class="Poblacion">
	    <result property="Codigo" column="CP" />
	    <result property="Definicion"  column="Pobla" />
	    <result property="Telefono"  column="TELF_TC" />
	    <result property="ClaveFee"  column="CLAFEE" />
	    <result property="Mail"  column="MAIL_TC" />
	    <result property="Logo"  column="LOGO_TC" />
	    <result property="Domicilio1"  column="DIR_TC" />
	    <result property="Domicilio2"  column="DIR2_TC" />
	    <result property="Pais"  column="PAIS_TC" />
	  </resultMap>
	  <resultMap id="ProvinciasResultMap" class="Provincia">
	    <result property="Codigo" column="SIGLAS" />
	    <result property="Definicion"  column="PROV" />
	    <result property="CodigoProvincia"  column="CP" />
      <result property="Prefijo"  column="PREFIJO" />
	    <result property="Pais"  column="PAIS" />
	    <result property="Capital"  column="CAPITAL" />
	    <result property="Abbreviacion"  column="ABREVIA" />
	    <result property="CCAA"  column="CCCA" />
	    <result property="Concesionaria"  column="CONCESIO_PROV" />
	    <result property="UltimaModificacion"  column="ULTMODI" />
	  </resultMap>
   
	  <resultMap id="SectorActividadResultMap" class="SectorActividad">
	    <result property="Codigo" column="NUM_ACTIVI" />
	    <result property="Definicion"  column="NOMBRE" />
	    <result property="NuevoCodigo"  column="NUEVOCOD" />
	    <result property="UltimaModificacion"  column="ULTMODI" />
	    <result property="Usuario"  column="USUARIO" />
	  </resultMap>

    <resultMap id="TarjetaCreditoResultMap" class="TarjetaCredito">
      <result property="Codigo" column="CODIGO" />
      <result property="Definicion"  column="NOMBRE" />
      <result property="Marca"  column="MARCA" />
      <result property="UltimaModificacion"  column="ULTMODI" />
      <result property="Usuario"  column="USUARIO" />
    </resultMap>
	  <resultMap id="TarjetaEmpresaResultMap" class="TarjetaEmpresa">
	    <result property="Codigo" column="COD_TARJETA" />
	    <result property="Definicion"  column="NOMBRE" />
	    <result property="Precio"  column="PRECIO" />
	    <result property="Condiciones"  column="CONDICIONES" />
	    <result property="Prefijo"  column="PREFIJO" />
	  </resultMap>
	  <resultMap id="TipoClienteResultMap" class="TipoCliente">
	    <result property="Codigo" column="NUM_TICLI" />
	    <result property="Definicion"  column="NOMBRE" />
	    <result property="PeriodoVisita"  column="PERIOVISITA" />
	    <result property="Minimo"  column="MINANO" />
	    <result property="TipoCliente"  column="OBS_TICLI" />
	    <result property="ImporteMaximo"  column="IMPMAXIMO" />
	    <result property="UltimaModificacion"  column="ULTMODI" />
      <result property="Summa" column="SUMALINS" />
	    <result property="Usuario"  column="USUARIO" />
    </resultMap>
	  <resultMap id="TipoContactoResultMap" class="TipoContactoCliente">
	    <result property="Codigo" column="CODIGO" />
	    <result property="Definicion"  column="NOMBRE" />
	    <result property="UltimaModificacion"  column="ULTMODI" />
	    <result property="Usuario"  column="USUARIO" />
	  </resultMap>
	  <resultMap id="TipoVisitaResultMap" class="TipoVisita">
	    <result property="Codigo" column="CODIGO_VIS" />
	    <result property="Definicion"  column="NOMBRE_VIS" />
	    <result property="UltimaModificacion"  column="ULTMODI" />
	    <result property="Usuario"  column="USUARIO" />
	  </resultMap>
    <resultMap id="UsoAlquilerResultMap" class="UsoAlquiler">
      <result property="Codigo" column="CODIGO" />
      <result property="Definicion"  column="NOMBRE" />
      <result property="UltimaModificacion"  column="ULTMODI" />
      <result property="Usuario"  column="USUARIO" />
    </resultMap>
	  <resultMap id="ZonaClienteResultMap" class="ZonaCliente">
	    <result property="Codigo" column="NUM_ZONA" />
	    <result property="Definicion"  column="NOMBRE" />
	    <result property="ZonaBaja"  column="BAJAZONA" />
	    <result property="IdentitySyncronization"  column="ID_SYNC" />
	    <result property="Personal"  column="PERSONAL" />
	    <result property="UltimaVisita"  column="ULTIMA_VISITA_ZN" />
      <result property="UltimaModificacion"  column="ULTMODI" />
	    <result property="Usuario"  column="USUARIO" />
	  </resultMap>
	  <resultMap id="ZonaClienteResultMap" class="ZonaCliente">
	    <result property="Codigo" column="NUM_ZONA" />
	    <result property="Nombre"  column="NOMBRE" />
	    <result property="ZonaBaja"  column="BAJAZONA" />
	    <result property="IdentitySyncronization"  column="ID_SYNC" />
	    <result property="Personal"  column="PERSONAL" />
	    <result property="UltimaVisita"  column="ULTIMA_VISITA_ZN" />
	    <result property="UltimaModificacion"  column="ULTMODI" />
	    <result property="Usuario"  column="USUARIO" />
	  </resultMap>
	  <resultMap id="TipoComisionistaResultMap" class="TipoComisionista">
	    <result property="Codigo" column="NUM_TICOMI" />
	    <result property="Definicion"  column="NOMBRE" />
	    <result property="Observacion"  column="OBSERVA_TC" />
	    <result property="UltimaModificacion"  column="ULTMODI" />
	    <result property="Usuario"  column="USUARIO" />
	  </resultMap>
	  <resultMap id="MotivoAnulacionResultMap" class="MotivoAnulacionReserva">
	    <result property="Codigo" column="CODIGO" />
	    <result property="Definicion"  column="NOMBRE" />
	    <result property="Observacion"  column="OBSERVA_TC" />
	    <result property="UltimaModificacion"  column="ULTMODI" />
	    <result property="Usuario"  column="USUARIO" />
	  </resultMap>
	  <resultMap id="MotivoCambioVehiculoResultMap" class="MotivoCambioVehiculo">
	    <result property="Codigo" column="CODIGO" />
	    <result property="Definicion"  column="NOMBRE" />
	    <result property="UltimaModificacion"  column="ULTMODI" />
	    <result property="Usuario"  column="USUARIO" />
	  </resultMap>
	  <resultMap id="MotivosCancelacionResultMap" class="MotivosCancelacion">
	    <result property="Codigo" column="CODIGO" />
	    <result property="Definicion"  column="NOMBRE" />
	    <result property="UltimaModificacion"  column="ULMODI" />
	    <result property="Usuario"  column="USUARIO" />
	  </resultMap>
	  <resultMap id="MotivosImproductivoResultMap" class="MotivosImproductivo">
	    <result property="Codigo" column="CODIGO" />
	    <result property="Definicion"  column="NOMBRE" />
	  </resultMap>
	  <resultMap id="TipoImpresoContractoResultMap" class="TipoImpresoContracto">
	    <result property="Codigo" column="CODIGO" />
	    <result property="Definicion"  column="NOMBRE" />
      <result property="UltimaModificacion"  column="ULTMODI" />
     <result property="Usuario"  column="USUARIO" />
	  </resultMap>
    <resultMap id="IncidenciaClienteResultMap" class="IncidenciaCliente">
      <result property="Codigo" column="COD_INCI" />
      <result property="Definicion"  column="DESCRIPICION" />
      <result property="Cliente"  column="CLIENTE" />
      <result property="Fecha"  column="FECHA" />
      <result property="Empresa"  column="EMPRESA" />
      <result property="Oficina"  column="OFICINA" />
      <result property="Incidencia"  column="INCIDEN" />
      <result property="Notas"  column="NOTAS" />
      <result property="UltimaModificacion"  column="ULTMODI" />
      <result property="Usuario"  column="USUARIO" />
    </resultMap>
    <resultMap id="IncidenciaContractoResultMap" class="IncidenciaContracto">
      <result property="Codigo" column="CODIGO" />
      <result property="Definicion"  column="NOMBRE" />
      <result property="Cliente"  column="TIPO" />
      <result property="UltimaModificacion"  column="ULTMODI" />
      <result property="Usuario"  column="USUARIO" />
    </resultMap>
    <resultMap id="IncidenciaProveedorResultMap" class="IncidenciaProveedor">
      <result property="Codigo" column="COD_INCI" />
      <result property="Definicion"  column="DESCRIPCION" />
      <result property="Prove"  column="PROVEE" />
      <result property="UltimaModificacion"  column="ULTMODI" />
      <result property="Fecha"  column="FECHA" />
      <result property="Empresa"  column="EMPRESA" />
      <result property="Oficina"  column="OFICINA" />
      <result property="Indidencia"  column="INCIDEN" />
      <result property="Notas"  column="NOTAS" />
      <result property="Status"  column="STATUS_IP" />
    </resultMap>
    <resultMap id="IncidenciaReservaResultMap" class="IncidenciaReserva">
      <result property="Codigo" column="CODIGO" />
      <result property="Definicion"  column="NOMBRE" />
      <result property="Cliente"  column="TIPO" />
      <result property="UltimaModificacion"  column="ULTMODI" />
      <result property="Usuario"  column="USUARIO" />
    </resultMap>
    <resultMap id="DivisaResultMap" class="Divisa">
      <result property="Codigo" column="CODIGO" />
      <result property="Definicion"  column="NOMBRE" />
      <result property="Compra"  column="COMPRA" />
      <result property="Venta"  column="VENTA" />
      <result property="FechaBaja"  column="FEBAJA" />
      <result property="UltimaModificacion"  column="ULTMODI" />
      <result property="Usuario"  column="USUARIO" />
    </resultMap>
    <resultMap id="FormaPagoProveedorResultMap" class="FormaPagoProveedor">
      <result property="Codigo" column="CODIGO" />
      <result property="Definicion"  column="NOMBRE" />
      <result property="CuentaPago" column="CTAPAGO" />
      <result property="CuentaEffecto"  column="CTA_EFECTO" />
      <result property="SaldoCaja"  column="SALCAJA" />
      <result property="EsborsoPagare"  column="ESPAGARE" />
      <result property="Cuenta"  column="CCC" />
      <result property="Recibos"  column="NO_PRECIBOS" />
      <result property="FlujoCaja"  column="AFCAJA" />
    </resultMap>
    <resultMap id="TipoProveedorResultMap" class="TipoProveedor">
      <result property="Codigo" column="NUM_TIPROVE" />
      <result property="Definicion"  column="NOMBRE" />
      <result property="CuentaGastos" column="CTAGASTO" />
      <result property="UltimaModificacion"  column="ULTMODI" />
      <result property="Usuario"  column="USUARIO" />
    </resultMap>
    <resultMap id="ReservasClaveResultMap" class="ClaveFee">
      <result property="Codigo" column="NUM_ORIRE" />
      <result property="Definicion"  column="NOMBRE" />
      <result property="Fee" column="FEE" />
      <result property="UltimaModificacion"  column="ULTMODI" />
      <result property="Usuario"  column="USUARIO" />
    </resultMap>
    <resultMap id="ReservasMedioRecepcionResultMap" class="MedioRecepcion">
      <result property="Codigo" column="CODIGO" />
      <result property="Definicion"  column="NOMBRE" />
      <result property="UltimaModificacion"  column="ULTMODI" />
      <result property="Usuario"  column="USUARIO" />
    </resultMap>
    <resultMap id="MotivoAnulacionContractoResultMap" class="MotivoAnulacionContracto">
      <result property="Codigo" column="CODIGO" />
      <result property="Definicion"  column="NOMBRE" />
      <result property="UltimaModificacion"  column="ULTMODI" />
      <result property="Usuario"  column="USUARIO" />
    </resultMap>
    <resultMap id="MotivoNoServicioResultMap" class="MotivoNoServicio">
      <result property="Codigo" column="CODIGO" />
      <result property="Definicion"  column="NOMBRE" />
      <result property="UltimaModificacion"  column="ULTMODI" />
      <result property="Usuario"  column="USUARIO" />
    </resultMap>
    <resultMap id="GrupoTarifaResultMap" class="GrupoTarifa">
      <result property="Codigo" column="COD_GT" />
      <result property="Definicion"  column="NOMBRE" />
      <result property="UltimaModificacion"  column="ULTMODI" />
      <result property="Usuario"  column="USUARIO" />
    </resultMap>
    <resultMap id="AcesorioVeiculosResultMap" class="AcesorioVeiculoDataObject">
      <result property="Codigo" column="COD_ACC" />
      <result property="Definicion"  column="NOM_ACC" />
    </resultMap>
    <resultMap id="ActividadesVehiculosResultMap" class="ActividadVehiculo">
      <result property="Codigo" column="NUM_ACTIVEHI" />
      <result property="Definicion"  column="NOMBRE" />
      <result property="SeguroAnual"  column="SEGURO_ANUAL" />
      <result property="SiglasActividad"  column="SIGLAS_ACT" />
      <result property="UltimaModificacion"  column="ULTMODI" />
      <result property="Usuario"  column="USUARIO" />
    </resultMap>
    <resultMap id="CodigoInmovilizacionResultMap" class="CodigoInmovilizacion">
      <result property="Codigo" column="CODIGO" />
      <result property="Definicion"  column="NOMBRE" />
      <result property="CuentaGastos"  column="CTAGASTO" />
      <result property="Fam"  column="FAM" />
      <result property="Meses"  column="MESES_GARAN_CI" />
      <result property="UltimaModificacion"  column="ULTMODI" />
      <result property="Usuario"  column="USUARIO" />
    </resultMap>
    <resultMap id="ColorResultMap" class="Color">
      <result property="Codigo" column="CODIGO" />
      <result property="Definicion"  column="NOMBRE" />
      <result property="TipoColor"  column="TIPOCOLOR" />
      <result property="UltimaModificacion"  column="ULTMODI" />
      <result property="Usuario"  column="USUARIO" />
    </resultMap>
    <resultMap id="FormaTrasladoResultMap" class="FormaTraslado">
      <result property="Codigo" column="NUM_VIA" />
      <result property="Definicion"  column="NOMBRE" />
      <result property="Nota"  column="OBS1" />
      <result property="UltimaModificacion"  column="ULTMODI" />
      <result property="Usuario"  column="USUARIO" />
    </resultMap>
    <resultMap id="MotivoRepostajeResultMap" class="MotivoRepostaje">
      <result property="Codigo" column="COD_MOT" />
      <result property="Definicion"  column="NOM_MOT" />
    </resultMap>
    <resultMap id="TipoVehiculoResultMap" class="TipoVehiculo">
      <result property="Codigo" column="CODIGO" />
      <result property="Definicion"  column="NOMBRE" />
      <result property="Numero"  column="NUMNEU_LC" />
      <result property="IsSpanish"  column="ESVEHICULO_T" />
      <result property="Orden"  column="ORDEN" />
      <result property="NomeWeb"  column="NOMWEB" />
      <result property="DiasMargen"  column="DIAS_MARGEN" />
      <result property="Revision"  column="INFREV" />
      <result property="Familia"  column="FAMILIA" />
      <result property="Seguro"  column="PORSEGURO" />
    </resultMap>
    <resultMap id="ConceptoSalidaCajaResultMap" class="ConceptoSalidaCaja">
      <result property="Codigo" column="COD_CASH" />
      <result property="Definicion"  column="NOMBRE" />
      <result property="Cuenta"  column="CUENTA" />
      <result property="Maximo"  column="MAXIMO" />
      <result property="UltimaModificacion"  column="ULTMODI" />
      <result property="Usuario"  column="USUARIO" />
    </resultMap>
    <resultMap id="TipoContactoPotencialResultMap" class="TipoContactoPotencial">
      <result property="Codigo" column="CODIGO" />
      <result property="Definicion"  column="NOMBRE" />
      <result property="UltimaModificacion"  column="ULTMODI" />
      <result property="Usuario"  column="USUARIO" />
    </resultMap>
    <resultMap id="TipoContactoPotencialResultMap" class="TipoImpresoFactura">
      <result property="Codigo" column="CODIGO" />
      <result property="Definicion"  column="NOMBRE" />
      <result property="UltimaModificacion"  column="ULTMODI" />
      <result property="Usuario"  column="USUARIO" />
    </resultMap>
  </resultMaps>
<parameterMaps>
<parameterMap id="DeleteBankParam" class="BancoDataObject">
	<parameter property="Codigo" column="CODBAN" />
</parameterMap>
<parameterMap id="UpdateBankParam" class="BancoDataObject">
	<parameter property="Nombre" column="NOMBRE" />
	<parameter property="Swift" column="SWIFT" />
	<parameter property="Codigo" column="CODBAN" />
</parameterMap>
</parameterMaps>
  <statements>
    <select id="GetAllBanks"  resultMap="BankResultMap">
      select 
      * 
      from 
      Banco 
      order by NOMBRE
    </select>
    <delete id="DeleteBank" parameterMap="DeleteBankParam">
	delete from Banco
	where
	CODBAN = ?
  </delete>
  <update id ="UpdateBank" parameterMap="UpdateBankParam">
  UPDATE Banco
	NOMBRE = ?, 
	SWIFT = ?,
	WHERE CODBAN= ?;
  </update>
  <insert id = "InsertBank" parameter ="UpdateBankParam">
  INSERT INTO Banco (NOMBRE, SWIFT, CODBAN)
   VALUES (?, ?, ?);
  </insert>
</statements>
</sqlMap>