﻿<?xml version="1.0" encoding="UTF-8" ?>
<sqlMap namespace="Auxiliares" xmlns="http://ibatis.apache.org/mapping" xmlns:xsi="http://www.w3.org/2001/XMLSchema-instance" >
  <resultMaps>
    <resultMap id="ChargeTypeResultMap"  class="ChargeTypeObject" >
      <result property="Numero"     		column="CODIGO"/>
      <result property="Nombre"    		column="NOMBRE"/>
    </resultMap>
  </resultMaps>
  <statements>
    <select id="GetAllChargeType"  resultMap="BankResultMap">
      select
      CODIGO, NOMBRE
      from
      Banco
      order by CODIGO
    </select>
</statements>
</sqlMap>
