<?xml version="1.0"?>
<doc>
    <assembly>
        <name>Syncfusion.SfNavigationDrawer.WPF</name>
    </assembly>
    <members>
        <member name="T:Syncfusion.UI.Xaml.NavigationDrawer.Position">
            <summary>
            Defines the Position of the navigationDrawer <see
            cref="T:Syncfusion.UI.Xaml.NavigationDrawer.SfNavigationDrawer.cs"/>.
            </summary>
        </member>
        <member name="F:Syncfusion.UI.Xaml.NavigationDrawer.Position.Left">
            <summary>
            DrawerContentView Position can be changed to Left <see
            cref="T:Syncfusion.UI.Xaml.NavigationDrawer.SfNavigationDrawer.cs"/>.
            </summary>
        </member>
        <member name="F:Syncfusion.UI.Xaml.NavigationDrawer.Position.Top">
            <summary>
            DrawerContentView Position can be changed to Top <see
            cref="T:Syncfusion.UI.Xaml.NavigationDrawer.SfNavigationDrawer.cs"/>.
            </summary>
        </member>
        <member name="F:Syncfusion.UI.Xaml.NavigationDrawer.Position.Right">
            <summary>
            DrawerContentView Position can be changed to Right <see
            cref="T:Syncfusion.UI.Xaml.NavigationDrawer.SfNavigationDrawer.cs"/>.
            </summary>
        </member>
        <member name="F:Syncfusion.UI.Xaml.NavigationDrawer.Position.Bottom">
            <summary>
            DrawerContentView Position can be changed to Bottom <see
            cref="T:Syncfusion.UI.Xaml.NavigationDrawer.SfNavigationDrawer"/>.
            </summary>
        </member>
        <member name="T:Syncfusion.UI.Xaml.NavigationDrawer.Transition">
            <summary>
            Defines the Transition of the navigationDrawer <see
            cref="T:Syncfusion.UI.Xaml.NavigationDrawer.SfNavigationDrawer"/>.
            </summary>
        </member>
        <member name="F:Syncfusion.UI.Xaml.NavigationDrawer.Transition.Push">
            <summary>
            DrawerContentView Transition can be changed to Push <see
            cref="T:Syncfusion.UI.Xaml.NavigationDrawer.SfNavigationDrawer.cs"/>.
            </summary>
        </member>
        <member name="F:Syncfusion.UI.Xaml.NavigationDrawer.Transition.Reveal">
            <summary>
            DrawerContentView Transition can be changed to Reveal <see
            cref="T:Syncfusion.UI.Xaml.NavigationDrawer.SfNavigationDrawer.cs"/>.
            </summary>
        </member>
        <member name="F:Syncfusion.UI.Xaml.NavigationDrawer.Transition.SlideOnTop">
            <summary>
            DrawerContentView Transition can be changed to SlideOnTop <see
            cref="T:Syncfusion.UI.Xaml.NavigationDrawer.SfNavigationDrawer.cs"/>.
            </summary>
        </member>
        <member name="T:Syncfusion.UI.Xaml.NavigationDrawer.NavigationDrawerAnimation">
            <summary>
            Defines the animations of <see cref="T:Syncfusion.UI.Xaml.NavigationDrawer.SfNavigationDrawer"/>.
            </summary>
        </member>
        <member name="P:Syncfusion.UI.Xaml.NavigationDrawer.NavigationDrawerAnimation.ContentViewStoryboard">
            <summary>
            Gets or sets the storyboard of <see cref="P:Syncfusion.UI.Xaml.NavigationDrawer.SfNavigationDrawer.ContentView"/>.
            </summary>
        </member>
        <member name="P:Syncfusion.UI.Xaml.NavigationDrawer.NavigationDrawerAnimation.DrawerContentViewStoryBoard">
            <summary>
            Gets or sets the storyboard of <see cref="P:Syncfusion.UI.Xaml.NavigationDrawer.SfNavigationDrawer.DrawerContentView"/>.
            </summary>
        </member>
        <member name="P:Syncfusion.UI.Xaml.NavigationDrawer.NavigationDrawerAnimation.TransparentContentStoryBoard">
            <summary>
            Gets or sets the storyboard of TransparentContent.
            </summary>
        </member>
        <member name="T:Syncfusion.UI.Xaml.NavigationDrawer.SfNavigationDrawer">
            <summary>
            Represents a panel that displays the navigation options.
            </summary>
            <remarks>
            NavigationDrawer is a <see cref="N:Syncfusion.UI.Xaml.NavigationDrawer"/> which
            means it displays the app's main navigation options on the edges of the screen. 
            It is hidden most of the time, but is revealed when the user swipes a finger from the edge of the screen or, 
            while at the top level of the app, the user touches the app icon.
            </remarks>
        </member>
        <member name="F:Syncfusion.UI.Xaml.NavigationDrawer.SfNavigationDrawer.IsOpenProperty">
            <summary>
            Using a DependencyProperty as the backing store for IsOpen.  This enables animation, styling, binding, etc...
            </summary>
        </member>
        <member name="F:Syncfusion.UI.Xaml.NavigationDrawer.SfNavigationDrawer.TransitionProperty">
            <summary>
            Using a DependencyProperty as the backing store for Transition.  This enables animation, styling, binding, etc...
            </summary>
        </member>
        <member name="F:Syncfusion.UI.Xaml.NavigationDrawer.SfNavigationDrawer.AnimationDurationProperty">
            <summary>
            Using a DependencyProperty as the backing store for AnimationDuration.  This enables animation, styling, binding, etc...
            </summary>
        </member>
        <member name="F:Syncfusion.UI.Xaml.NavigationDrawer.SfNavigationDrawer.TouchThresholdProperty">
            <summary>
            Using a DependencyProperty as the backing store for TouchThreshold.  This enables animation, styling, binding, etc...
            </summary>
        </member>
        <member name="F:Syncfusion.UI.Xaml.NavigationDrawer.SfNavigationDrawer.PositionProperty">
            <summary>
            Using a DependencyProperty as the backing store for SlidePosition.  This enables animation, styling, binding, etc...
            </summary>
        </member>
        <member name="F:Syncfusion.UI.Xaml.NavigationDrawer.SfNavigationDrawer.EnableSwipeGestureProperty">
            <summary>
            Using a DependencyProperty as the backing store for EnableSwipeGesture.  This enables animation, styling, binding, etc...
            </summary>
        </member>
        <member name="F:Syncfusion.UI.Xaml.NavigationDrawer.SfNavigationDrawer.ContentViewProperty">
            <summary>
            Using a DependencyProperty as the backing store for ContentView. This enables animation, styling, binding, etc...
            </summary>
        </member>
        <member name="F:Syncfusion.UI.Xaml.NavigationDrawer.SfNavigationDrawer.DrawerContentViewProperty">
            <summary>
            Using a DependencyProperty as the backing store for DrawerContentView.  This enables animation, styling, binding, etc...
            </summary>
        </member>
        <member name="F:Syncfusion.UI.Xaml.NavigationDrawer.SfNavigationDrawer.DrawerHeaderViewProperty">
            <summary>
            Using a DependencyProperty as the backing store for DrawerHeaderView.  This enables animation, styling, binding, etc...
            </summary>
        </member>
        <member name="F:Syncfusion.UI.Xaml.NavigationDrawer.SfNavigationDrawer.DrawerFooterViewProperty">
            <summary>
            Using a DependencyProperty as the backing store for DrawerFooterView.  This enables animation, styling, binding, etc...
            </summary>
        </member>
        <member name="F:Syncfusion.UI.Xaml.NavigationDrawer.SfNavigationDrawer.DrawerHeightProperty">
            <summary>
            Using a DependencyProperty as the backing store for DrawerHeight.  This enables animation, styling, binding, etc...
            </summary>
        </member>
        <member name="F:Syncfusion.UI.Xaml.NavigationDrawer.SfNavigationDrawer.DrawerWidthProperty">
            <summary>
            Using a DependencyProperty as the backing store for DrawerWidth.  This enables animation, styling, binding, etc...
            </summary>
        </member>
        <member name="F:Syncfusion.UI.Xaml.NavigationDrawer.SfNavigationDrawer.flag">
            <summary>
            Represents the boolean flag
            </summary>
        </member>
        <member name="F:Syncfusion.UI.Xaml.NavigationDrawer.SfNavigationDrawer.contentView">
            <summary>
            Represents the ContentView variable
            </summary>
        </member>
        <member name="F:Syncfusion.UI.Xaml.NavigationDrawer.SfNavigationDrawer.mainGrid">
            <summary>
            Represents the MainGrid variable
            </summary>
        </member>
        <member name="F:Syncfusion.UI.Xaml.NavigationDrawer.SfNavigationDrawer.drawerView">
            <summary>
            Represents the DrawerView variable
            </summary>
        </member>
        <member name="F:Syncfusion.UI.Xaml.NavigationDrawer.SfNavigationDrawer.contentGrid">
            <summary>
            Represents the ContentGrid variable
            </summary>
        </member>
        <member name="F:Syncfusion.UI.Xaml.NavigationDrawer.SfNavigationDrawer.transparentView">
            <summary>
            Represents the TransparentView variable
            </summary>
        </member>
        <member name="F:Syncfusion.UI.Xaml.NavigationDrawer.SfNavigationDrawer.headerGrid">
            <summary>
            Represents the header and footer grid variables
            </summary>
        </member>
        <member name="F:Syncfusion.UI.Xaml.NavigationDrawer.SfNavigationDrawer._footerGrid">
            <summary>
            Represents the header and footer grid variables
            </summary>
        </member>
        <member name="F:Syncfusion.UI.Xaml.NavigationDrawer.SfNavigationDrawer.headerpresenter">
            <summary>
            Represents the header and footer ContentPresenter variables
            </summary>
        </member>
        <member name="F:Syncfusion.UI.Xaml.NavigationDrawer.SfNavigationDrawer.footerpresenter">
            <summary>
            Represents the header and footer ContentPresenter variables
            </summary>
        </member>
        <member name="F:Syncfusion.UI.Xaml.NavigationDrawer.SfNavigationDrawer.translateDrawerOpen">
            <summary>
            Represents the Drawer open and close translate animation variables
            </summary>
        </member>
        <member name="F:Syncfusion.UI.Xaml.NavigationDrawer.SfNavigationDrawer.translateDrawerClose">
            <summary>
            Represents the Drawer open and close translate animation variables
            </summary>
        </member>
        <member name="F:Syncfusion.UI.Xaml.NavigationDrawer.SfNavigationDrawer.translateContentViewOpen">
            <summary>
            Represents the ContentView open and close translate animation variables
            </summary>
        </member>
        <member name="F:Syncfusion.UI.Xaml.NavigationDrawer.SfNavigationDrawer.translateContentViewClose">
            <summary>
            Represents the ContentView open and close translate animation variables
            </summary>
        </member>
        <member name="F:Syncfusion.UI.Xaml.NavigationDrawer.SfNavigationDrawer.translateTransparentViewOpen">
            <summary>
            Represents the TransparentView open and close translate animation variables
            </summary>
        </member>
        <member name="F:Syncfusion.UI.Xaml.NavigationDrawer.SfNavigationDrawer.translateTransparentViewClose">
            <summary>
            Represents the TransparentView open and close translate animation variables
            </summary>
        </member>
        <member name="F:Syncfusion.UI.Xaml.NavigationDrawer.SfNavigationDrawer.isMoving">
            <summary>
            Represents the boolean variable to check moving
            </summary>
        </member>
        <member name="F:Syncfusion.UI.Xaml.NavigationDrawer.SfNavigationDrawer.isClosedOnTransitionChange">
            <summary>
            Represents the boolean variable to check whether drawer is closed on transition change
            </summary>
        </member>
        <member name="F:Syncfusion.UI.Xaml.NavigationDrawer.SfNavigationDrawer.contentViewStoryboard">
            <summary>
            Represents the storyboard of ContentView
            </summary>
        </member>
        <member name="F:Syncfusion.UI.Xaml.NavigationDrawer.SfNavigationDrawer.drawerViewStoryBoard">
            <summary>
            Represents the storyboard of DrawerView
            </summary>
        </member>
        <member name="F:Syncfusion.UI.Xaml.NavigationDrawer.SfNavigationDrawer.transparentViewStoryBoard">
            <summary>
            Represents the storyboard of TransparentView
            </summary>
        </member>
        <member name="F:Syncfusion.UI.Xaml.NavigationDrawer.SfNavigationDrawer.initialDrawerHeight">
            <summary>
            Represents the initial DrawerHeight and Width
            </summary>
        </member>
        <member name="F:Syncfusion.UI.Xaml.NavigationDrawer.SfNavigationDrawer.initialDrawerWidth">
            <summary>
            Represents the initial DrawerHeight and Width
            </summary>
        </member>
        <member name="F:Syncfusion.UI.Xaml.NavigationDrawer.SfNavigationDrawer.isLoaded">
            <summary>
            Represents the IsLoaded variable
            </summary>
        </member>
        <member name="F:Syncfusion.UI.Xaml.NavigationDrawer.SfNavigationDrawer.drawerTransform">
            <summary>
            Represents the TranslateTransform of DrawerView
            </summary>
        </member>
        <member name="F:Syncfusion.UI.Xaml.NavigationDrawer.SfNavigationDrawer.contentViewTransform">
            <summary>
            Represents the TranslateTransform of ContentView
            </summary>
        </member>
        <member name="F:Syncfusion.UI.Xaml.NavigationDrawer.SfNavigationDrawer.transparentviewTransform">
            <summary>
            Represents the TranslateTransform of TransparentView
            </summary>
        </member>
        <member name="F:Syncfusion.UI.Xaml.NavigationDrawer.SfNavigationDrawer.cumulativePointsX">
            <summary>
            Represents the Cumulative X and Y points
            </summary>
        </member>
        <member name="F:Syncfusion.UI.Xaml.NavigationDrawer.SfNavigationDrawer.cumulativePointsY">
            <summary>
            Represents the Cumulative X and Y points
            </summary>
        </member>
        <member name="F:Syncfusion.UI.Xaml.NavigationDrawer.SfNavigationDrawer.controltransition">
            <summary>
            Represents the transition
            </summary>
        </member>
        <member name="F:Syncfusion.UI.Xaml.NavigationDrawer.SfNavigationDrawer.originX">
            <summary>
            Represents the X and Y origin
            </summary>
        </member>
        <member name="F:Syncfusion.UI.Xaml.NavigationDrawer.SfNavigationDrawer.originY">
            <summary>
            Represents the X and Y origin
            </summary>
        </member>
        <member name="F:Syncfusion.UI.Xaml.NavigationDrawer.SfNavigationDrawer.windowActualHeight">
            <summary>
            Represents the actual height of window
            </summary>
        </member>
        <member name="F:Syncfusion.UI.Xaml.NavigationDrawer.SfNavigationDrawer.windowActualWidth">
            <summary>
            Represents the actual width of window
            </summary>
        </member>
        <member name="F:Syncfusion.UI.Xaml.NavigationDrawer.SfNavigationDrawer.contentViewClicked">
            <summary>
            Gets or sets to check whether content view is clicked
            </summary>
        </member>
        <member name="F:Syncfusion.UI.Xaml.NavigationDrawer.SfNavigationDrawer.transparentViewClicked">
            <summary>
            Gets or sets to check whether transparent view is clicked
            </summary>
        </member>
        <member name="M:Syncfusion.UI.Xaml.NavigationDrawer.SfNavigationDrawer.#ctor">
            <summary>
            Initializes a new instance of the <see cref="T:Syncfusion.UI.Xaml.NavigationDrawer.SfNavigationDrawer"/> class.
            </summary>
            <seealso cref="T:Syncfusion.UI.Xaml.NavigationDrawer.SfNavigationDrawer"/>      
        </member>
        <member name="M:Syncfusion.UI.Xaml.NavigationDrawer.SfNavigationDrawer.ToggleDrawer">
            <summary>
            Represents the opening and closing of the navigationDrawer <see cref="T:Syncfusion.UI.Xaml.NavigationDrawer.SfNavigationDrawer"/>.
            </summary>
        </member>
        <member name="M:Syncfusion.UI.Xaml.NavigationDrawer.SfNavigationDrawer.OnApplyTemplate">
            <summary>
            Initializes all the child elements of the <see cref="T:Syncfusion.UI.Xaml.NavigationDrawer.SfNavigationDrawer"/> control.
            </summary>
        </member>
        <member name="M:Syncfusion.UI.Xaml.NavigationDrawer.SfNavigationDrawer.OnIsOpenChange(System.Windows.DependencyObject,System.Windows.DependencyPropertyChangedEventArgs)">
            <summary>
            Invoked when IsOpen property value is changed
            </summary>
            <param name="d">The DependencyObject</param>
            <param name="e">DependencyPropertyChanged EventArguments</param>
        </member>
        <member name="M:Syncfusion.UI.Xaml.NavigationDrawer.SfNavigationDrawer.OnDrawerWidthChanged(System.Windows.DependencyObject,System.Windows.DependencyPropertyChangedEventArgs)">
            <summary>
            DrawerWidth property changed handler.
            </summary>
            <param name="d">The DependencyObject</param>
            <param name="e">DependencyPropertyChanged EventArguments</param>
        </member>
        <member name="M:Syncfusion.UI.Xaml.NavigationDrawer.SfNavigationDrawer.OnDrawerHeightChanged(System.Windows.DependencyObject,System.Windows.DependencyPropertyChangedEventArgs)">
            <summary>
            Invoked when the DrawerHeight property value is changed.
            </summary>
            <param name="d">The DependencyObject</param>
            <param name="e">DependencyPropertyChanged EventArguments</param>
        </member>
        <member name="M:Syncfusion.UI.Xaml.NavigationDrawer.SfNavigationDrawer.OnPositionChanged(System.Windows.DependencyObject,System.Windows.DependencyPropertyChangedEventArgs)">
            <summary>
            Position property changed handler.
            </summary>
            <param name="d">The DependencyObject</param>
            <param name="e">DependencyPropertyChanged EventArguments</param>
        </member>
        <member name="M:Syncfusion.UI.Xaml.NavigationDrawer.SfNavigationDrawer.OnTransitionChanged(System.Windows.DependencyObject,System.Windows.DependencyPropertyChangedEventArgs)">
            <summary>
            Transition property changed handler.
            </summary>
            <param name="d">The DependencyObject</param>
            <param name="e">DependencyPropertyChanged EventArguments</param>
        </member>
        <member name="M:Syncfusion.UI.Xaml.NavigationDrawer.SfNavigationDrawer._mainGrid_MouseLeave(System.Object,System.Windows.Input.MouseEventArgs)">
            <summary>
            Invoked when mouse leaves the main grid
            </summary>
            <param name="sender">The sender object</param>
            <param name="e">Mouse Event arguments</param>
        </member>
        <member name="M:Syncfusion.UI.Xaml.NavigationDrawer.SfNavigationDrawer.ContentViewManipulations">
            <summary>
            Performs the ContentView manipulations
            </summary>
        </member>
        <member name="M:Syncfusion.UI.Xaml.NavigationDrawer.SfNavigationDrawer.DrawerViewManipulations">
            <summary>
            Performs Drawer view manipulations
            </summary>
        </member>
        <member name="M:Syncfusion.UI.Xaml.NavigationDrawer.SfNavigationDrawer.TransparentViewManipulations">
            <summary>
            Performs Transparent view manipulations
            </summary>
        </member>
        <member name="M:Syncfusion.UI.Xaml.NavigationDrawer.SfNavigationDrawer.SfNavigationDrawer_Loaded(System.Object,System.Windows.RoutedEventArgs)">
            <summary>
            Invoked when <see cref="T:Syncfusion.UI.Xaml.NavigationDrawer.SfNavigationDrawer"/> control is loaded.
            </summary>
            <param name="sender">The sender object</param>
            <param name="e">RoutedEvent Arguments</param>
        </member>
        <member name="M:Syncfusion.UI.Xaml.NavigationDrawer.SfNavigationDrawer._drawerView_PreviewMouseLeftButtonDown(System.Object,System.Windows.Input.MouseButtonEventArgs)">
            <summary>
            Invoked when mouse left button is clicked over the drawer
            </summary>
            <param name="sender">The sender object</param>
            <param name="e">The mouse button event arguments</param>
        </member>
        <member name="M:Syncfusion.UI.Xaml.NavigationDrawer.SfNavigationDrawer._drawerView_PreviewMouseMove(System.Object,System.Windows.Input.MouseEventArgs)">
            <summary>
            Invoked when mouse moves over the drawer view
            </summary>
            <param name="sender">The sender object</param>
            <param name="e">The mouse event arguments</param>
        </member>
        <member name="M:Syncfusion.UI.Xaml.NavigationDrawer.SfNavigationDrawer._drawerView_PreviewMouseLeftButtonUp(System.Object,System.Windows.Input.MouseButtonEventArgs)">
            <summary>
            Invoked when mouse left button is pressed up over drawer view
            </summary>
            <param name="sender">The sender object</param>
            <param name="e">Mouse Button event arguments</param>
        </member>
        <member name="M:Syncfusion.UI.Xaml.NavigationDrawer.SfNavigationDrawer._contentView_PreviewMouseLeftButtonDown(System.Object,System.Windows.Input.MouseButtonEventArgs)">
            <summary>
            Invoked when mouse left button is pressed down over content view
            </summary>
            <param name="sender">The sender object</param>
            <param name="e">Mouse Button event arguments</param>
        </member>
        <member name="M:Syncfusion.UI.Xaml.NavigationDrawer.SfNavigationDrawer._contentView_PreviewMouseMove(System.Object,System.Windows.Input.MouseEventArgs)">
            <summary>
            Invoked when mouse moves over content view
            </summary>
            <param name="sender">The sender object</param>
            <param name="e">Mouse event arguments</param>
        </member>
        <member name="M:Syncfusion.UI.Xaml.NavigationDrawer.SfNavigationDrawer._contentView_PreviewMouseLeftButtonUp(System.Object,System.Windows.Input.MouseButtonEventArgs)">
            <summary>
            Invoked when mouse left button is pressed up over content view
            </summary>
            <param name="sender">The sender object</param>
            <param name="e">Mouse Button event arguments</param>
        </member>
        <member name="M:Syncfusion.UI.Xaml.NavigationDrawer.SfNavigationDrawer._transparentView_PreviewMouseMove(System.Object,System.Windows.Input.MouseEventArgs)">
            <summary>
            Invoked when mouse moves over transparent view
            </summary>
            <param name="sender">The sender object</param>
            <param name="e">Mouse event arguments</param>
        </member>
        <member name="M:Syncfusion.UI.Xaml.NavigationDrawer.SfNavigationDrawer._transparentView_PreviewMouseLeftButtonUp(System.Object,System.Windows.Input.MouseButtonEventArgs)">
            <summary>
            Invoked when mouse left button is pressed up over transparent view
            </summary>
            <param name="sender">The sender object</param>
            <param name="e">Mouse Button event arguments</param>
        </member>
        <member name="M:Syncfusion.UI.Xaml.NavigationDrawer.SfNavigationDrawer._transparentView_PreviewMouseLeftButtonDown(System.Object,System.Windows.Input.MouseButtonEventArgs)">
            <summary>
            Invoked when TransparentView Tapped event is fired.
            </summary>
            <param name="sender">The sender object</param>
            <param name="e">Tapped RoutedEvent Arguments</param>
        </member>
        <member name="M:Syncfusion.UI.Xaml.NavigationDrawer.SfNavigationDrawer.SfNavigationDrawer_SizeChanged(System.Object,System.Windows.SizeChangedEventArgs)">
            <summary>
            Invoked when <see cref="N:Syncfusion.UI.Xaml.NavigationDrawer"/> size has changed. 
            </summary>
            <param name="sender">The sender</param>
            <param name="e">SizeChanged EventArguments</param>
        </member>
        <member name="M:Syncfusion.UI.Xaml.NavigationDrawer.SfNavigationDrawer.SetInitialSliderDimensions">
            <summary>
            Sets initial dimension for slider.
            </summary>
        </member>
        <member name="M:Syncfusion.UI.Xaml.NavigationDrawer.SfNavigationDrawer.RefreshSlider">
            <summary>
            Refreshes the slider.
            </summary>
        </member>
        <member name="M:Syncfusion.UI.Xaml.NavigationDrawer.SfNavigationDrawer.OpenDrawer">
            <summary>
            Opens the drawer.
            </summary>
        </member>
        <member name="M:Syncfusion.UI.Xaml.NavigationDrawer.SfNavigationDrawer._storyBoard_Completed(System.Object,System.EventArgs)">
            <summary>
            Invoked when story board is completed.
            </summary>
            <param name="sender">The sender object</param>
            <param name="e">Event Arguments</param>
        </member>
        <member name="M:Syncfusion.UI.Xaml.NavigationDrawer.SfNavigationDrawer.CloseDrawer">
            <summary>
            Closes the drawer.
            </summary>
        </member>
        <member name="M:Syncfusion.UI.Xaml.NavigationDrawer.SfNavigationDrawer.CloseDrawer(Syncfusion.UI.Xaml.NavigationDrawer.Transition)">
            <summary>
            Closes the drawer with transition.
            </summary>
            <param name="transition">The <see cref="T:Syncfusion.UI.Xaml.NavigationDrawer.Transition"/></param>
        </member>
        <member name="M:Syncfusion.UI.Xaml.NavigationDrawer.SfNavigationDrawer.GetAnimations">
            <summary>
            Gets the NavigationDrawerAnimation.
            </summary>
        </member>
        <member name="M:Syncfusion.UI.Xaml.NavigationDrawer.SfNavigationDrawer.GetAnimations(Syncfusion.UI.Xaml.NavigationDrawer.Transition)">
            <summary>
            Gets the NavigationDrawerAnimation for the transition.
            </summary>
            <param name="transition">The <see cref="T:Syncfusion.UI.Xaml.NavigationDrawer.Transition"/> </param>
        </member>
        <member name="M:Syncfusion.UI.Xaml.NavigationDrawer.SfNavigationDrawer.GetDrawerOpen">
            <summary>
            DrawerOpen method to open to compute the translations to open the Side Panel (Drawer) irrespective of the Transition applied
            </summary>
        </member>
        <member name="M:Syncfusion.UI.Xaml.NavigationDrawer.SfNavigationDrawer.GetDrawerClose(Syncfusion.UI.Xaml.NavigationDrawer.Transition)">
            <summary>
            DrawerClose method to compute the translations to close the Side Panel (Drawer) irrespective of the Transition applied
            </summary>
            <param name="transition">The Transition</param>
        </member>
        <member name="M:Syncfusion.UI.Xaml.NavigationDrawer.SfNavigationDrawer.GetPushAnimations">
            <summary>
            Get the push animations.
            </summary>
            <returns>The NavigationDrawer animation</returns>
        </member>
        <member name="M:Syncfusion.UI.Xaml.NavigationDrawer.SfNavigationDrawer.GetPush_Open">
            <summary>
            Translates the drawer while opening.
            </summary>
        </member>
        <member name="M:Syncfusion.UI.Xaml.NavigationDrawer.SfNavigationDrawer.GetPush_Close">
            <summary>
            Translates the drawer while closing.
            </summary>
        </member>
        <member name="M:Syncfusion.UI.Xaml.NavigationDrawer.SfNavigationDrawer.GetRevealAnimations">
            <summary>
            Gets the reveal animations.
            </summary>
            <returns><see cref="T:Syncfusion.UI.Xaml.NavigationDrawer.NavigationDrawerAnimation"/> </returns>
        </member>
        <member name="M:Syncfusion.UI.Xaml.NavigationDrawer.SfNavigationDrawer.GetReveal_Close">
            <summary>
            Translates the content while opening drawer
            </summary>
        </member>
        <member name="M:Syncfusion.UI.Xaml.NavigationDrawer.SfNavigationDrawer.GetReveal_Open">
            <summary>
            Translates the content while closing drawer.
            </summary>
        </member>
        <member name="M:Syncfusion.UI.Xaml.NavigationDrawer.SfNavigationDrawer.GetSlideOnTopAnimations">
            <summary>
            Gets the animation for SlideOnTop
            </summary>
            <returns><see cref="T:Syncfusion.UI.Xaml.NavigationDrawer.NavigationDrawerAnimation"/></returns>
        </member>
        <member name="M:Syncfusion.UI.Xaml.NavigationDrawer.SfNavigationDrawer.GetSlideOnTop_Open">
            <summary>
            Translates the drawer to top while opening drawer.
            </summary>
        </member>
        <member name="M:Syncfusion.UI.Xaml.NavigationDrawer.SfNavigationDrawer.GetSlideOnTop_Close">
            <summary>
            Translates the drawer to top while closing drawer.
            </summary>
        </member>
        <member name="E:Syncfusion.UI.Xaml.NavigationDrawer.SfNavigationDrawer.Closed">
            <summary>
            This event will be raised when the DrawerContentView is closed in NavigationDrawer.
            </summary>
        </member>
        <member name="E:Syncfusion.UI.Xaml.NavigationDrawer.SfNavigationDrawer.Opened">
            <summary>
            This event will be raised when the DrawerContentView is opened in NavigationDrawer.
            </summary>
        </member>
        <member name="E:Syncfusion.UI.Xaml.NavigationDrawer.SfNavigationDrawer.Opening">
            <summary>
            This event will be raised when the DrawerContentView is opening in NavigationDrawer.
            </summary>
        </member>
        <member name="E:Syncfusion.UI.Xaml.NavigationDrawer.SfNavigationDrawer.Closing">
            <summary>
            This event will be raised when the DrawerContentView is closing in NavigationDrawer.
            </summary>
        </member>
        <member name="P:Syncfusion.UI.Xaml.NavigationDrawer.SfNavigationDrawer.IsOpen">
            <summary>
            Gets or sets a value indicating whether <see cref="T:Syncfusion.UI.Xaml.NavigationDrawer.SfNavigationDrawer"/> control's drawer is open.
            </summary>
        </member>
        <member name="P:Syncfusion.UI.Xaml.NavigationDrawer.SfNavigationDrawer.Transition">
            <summary>
            Gets or sets the transition for the DrawerView panel of <see cref="T:Syncfusion.UI.Xaml.NavigationDrawer.SfNavigationDrawer"/> control.
            </summary>
            <value>
            The Default value is SlideOnTop.
            </value>
            <seealso cref="T:Syncfusion.UI.Xaml.NavigationDrawer.SfNavigationDrawer"/>        
        </member>
        <member name="P:Syncfusion.UI.Xaml.NavigationDrawer.SfNavigationDrawer.AnimationDuration">
            <summary>
            Gets or sets the value of animation duration<see cref="T:Syncfusion.UI.Xaml.NavigationDrawer.SfNavigationDrawer"/>.
            </summary>
            <value>
            The Default value is 100.
            </value>
            <seealso cref="T:Syncfusion.UI.Xaml.NavigationDrawer.SfNavigationDrawer"/>  
        </member>
        <member name="P:Syncfusion.UI.Xaml.NavigationDrawer.SfNavigationDrawer.TouchThreshold">
            <summary>
            Gets or sets the threshold value from the edges for easy panning from the edges<see cref="T:Syncfusion.UI.Xaml.NavigationDrawer.SfNavigationDrawer"/>.
            </summary>
            <value>
            The Default value is 20.
            </value>
            <seealso cref="T:Syncfusion.UI.Xaml.NavigationDrawer.SfNavigationDrawer"/>        
        </member>
        <member name="P:Syncfusion.UI.Xaml.NavigationDrawer.SfNavigationDrawer.Position">
            <summary>
            Gets or sets the position of the DrawerView panel in <see cref="T:Syncfusion.UI.Xaml.NavigationDrawer.SfNavigationDrawer"/> control.
            </summary>
            <value>
            The Default value is left.
            </value>
            <seealso cref="T:Syncfusion.UI.Xaml.NavigationDrawer.SfNavigationDrawer"/>        
        </member>
        <member name="P:Syncfusion.UI.Xaml.NavigationDrawer.SfNavigationDrawer.EnableSwipeGesture">
            <summary>
            Gets or sets a value indicating whether swipe gesture is enabled in <see cref="T:Syncfusion.UI.Xaml.NavigationDrawer.SfNavigationDrawer"/> control.
            </summary>
        </member>
        <member name="P:Syncfusion.UI.Xaml.NavigationDrawer.SfNavigationDrawer.ContentView">
            <summary>
            Gets or sets the ContentView, which is the main view of the NavigationDrawer where the desired items can be placed<see cref="T:Syncfusion.UI.Xaml.NavigationDrawer.SfNavigationDrawer"/>.
            </summary>
            <value>
            The Default value is null.
            </value>
            <seealso cref="T:Syncfusion.UI.Xaml.NavigationDrawer.SfNavigationDrawer"/>
        </member>
        <member name="P:Syncfusion.UI.Xaml.NavigationDrawer.SfNavigationDrawer.DrawerContentView">
            <summary>
            Gets or sets the DrawerContentView, which displays the navigation items that you need to jump to<see cref="T:Syncfusion.UI.Xaml.NavigationDrawer.SfNavigationDrawer"/>.
            </summary>
            <value>
            The Default value is null.
            </value>
            <seealso cref="T:Syncfusion.UI.Xaml.NavigationDrawer.SfNavigationDrawer"/>        
        </member>
        <member name="P:Syncfusion.UI.Xaml.NavigationDrawer.SfNavigationDrawer.DrawerHeaderView">
            <summary>
            Gets or sets the DrawerHeaderView of the DrawerView panel in the <see cref="T:Syncfusion.UI.Xaml.NavigationDrawer.SfNavigationDrawer"/> control.
            </summary>
            <value>
            The Default value is null.
            </value>
            <seealso cref="T:Syncfusion.UI.Xaml.NavigationDrawer.SfNavigationDrawer"/>
        </member>
        <member name="P:Syncfusion.UI.Xaml.NavigationDrawer.SfNavigationDrawer.DrawerFooterView">
            <summary>
            Gets or sets the footer for the DrawerView panel in the <see cref="T:Syncfusion.UI.Xaml.NavigationDrawer.SfNavigationDrawer"/> control.
            </summary>
            <value>
            The Default value is null.
            </value>
            <seealso cref="T:Syncfusion.UI.Xaml.NavigationDrawer.SfNavigationDrawer"/>
        </member>
        <member name="P:Syncfusion.UI.Xaml.NavigationDrawer.SfNavigationDrawer.DrawerHeight">
            <summary>
             Gets or sets the height for the DrawerView panel in the <see cref="T:Syncfusion.UI.Xaml.NavigationDrawer.SfNavigationDrawer"/> control.
            </summary>
            <value>
            The Default value is zero.
            </value>
            <seealso cref="T:Syncfusion.UI.Xaml.NavigationDrawer.SfNavigationDrawer"/>        
        </member>
        <member name="P:Syncfusion.UI.Xaml.NavigationDrawer.SfNavigationDrawer.DrawerWidth">
            <summary>
            Gets or sets the width for the DrawerView panel in the <see cref="T:Syncfusion.UI.Xaml.NavigationDrawer.SfNavigationDrawer"/> control.
            </summary>
            <value>
            The Default value is zero.
            </value>
            <seealso cref="T:Syncfusion.UI.Xaml.NavigationDrawer.SfNavigationDrawer"/>        
        </member>
        <member name="T:Syncfusion.UI.Xaml.NavigationDrawer.SfNavigationDrawer.DrawerEventHandler">
            <summary>
            Represents an Event handler for handling navigationDrawer event.
            </summary>
            <param name="sender">The sender object.</param>
            <param name="e">The event arguments.</param>
        </member>
        <member name="T:Syncfusion.AssemblyInfo">
            <summary>
            SharedBase assembly class.
            </summary>
            <summary>
            Represents the Assembly information class
            </summary>
        </member>
        <member name="T:Syncfusion.SfNavigationDrawerBaseAssembly">
            <summary>
            SharedBase assembly class.
            </summary>
        </member>
        <member name="F:Syncfusion.SfNavigationDrawerBaseAssembly.Name">
            <summary>
            Name of the assembly.
            </summary>
        </member>
        <member name="F:Syncfusion.SfNavigationDrawerBaseAssembly.Assembly">
            <summary>
            Defines assembly object reference variable.
            </summary>
        </member>
        <member name="F:Syncfusion.SfNavigationDrawerBaseAssembly.RootNamespace">
            <summary>
            Root namespace of the assembly.
            </summary>
        </member>
        <member name="M:Syncfusion.SfNavigationDrawerBaseAssembly.#cctor">
            <summary>
            Initializes static members of the <see cref="T:Syncfusion.SfNavigationDrawerBaseAssembly"/> class.
            </summary>
        </member>
        <member name="M:Syncfusion.SfNavigationDrawerBaseAssembly.AssemblyResolver(System.Object,System.ResolveEventArgs)">
            <summary>
            Assemblies the resolver.
            </summary>
            <param name="sender">The sender.</param>
            <param name="e">The <see cref="T:System.ResolveEventArgs"/> instance containing the event data.</param>
            <returns>Assembly object.</returns>
        </member>
        <member name="T:Syncfusion.UI.Xaml.NavigationDrawer.ClassReferenceAttribute">
            <summary>
            Represents the ClassReferenceAttribute
            </summary>
        </member>
        <member name="F:Syncfusion.UI.Xaml.NavigationDrawer.ClassReferenceAttribute.isReviewed">
            <summary>
            Represents the IsReviewed property
            </summary>
        </member>
        <member name="F:Syncfusion.UI.Xaml.NavigationDrawer.ClassReferenceAttribute.shouldInclude">
            <summary>
            Represents the ShouldInclude property
            </summary>
        </member>
        <member name="P:Syncfusion.UI.Xaml.NavigationDrawer.ClassReferenceAttribute.IsReviewed">
            <summary>
            Gets or sets a value indicating whether it is reviewed or not.
            </summary>
        </member>
        <member name="P:Syncfusion.UI.Xaml.NavigationDrawer.ClassReferenceAttribute.ShouldInclude">
            <summary>
            Gets or sets a value indicating whether it should be included or not.
            </summary>
        </member>
    </members>
</doc>
