<?xml version="1.0"?>
<doc>
    <assembly>
        <name>Syncfusion.SampleLayout.WPF</name>
    </assembly>
    <members>
        <member name="T:SampleLayout.WPF.TabNavigationView">
            <summary>
            Interaction logic for TabNavigationView.xaml
            </summary>
            <summary>
            TabNavigationView
            </summary>
        </member>
        <member name="M:SampleLayout.WPF.TabNavigationView.InitializeComponent">
            <summary>
            InitializeComponent
            </summary>
        </member>
        <member name="T:SampleLayout.WPF.CustomColorWindow">
            <summary>
            Interaction logic for CustomColorWindow.xaml
            </summary>
            <summary>
            CustomColorWindow
            </summary>
        </member>
        <member name="M:SampleLayout.WPF.CustomColorWindow.InitializeComponent">
            <summary>
            InitializeComponent
            </summary>
        </member>
        <member name="T:SampleLayout.WPF.ImageViewer">
            <summary>
            Interaction logic for ImageViewer.xaml
            </summary>
            <summary>
            ImageViewer
            </summary>
        </member>
        <member name="M:SampleLayout.WPF.ImageViewer.InitializeComponent">
            <summary>
            InitializeComponent
            </summary>
        </member>
        <member name="T:SampleLayout.WPF.Progress">
            <summary>
            Interaction logic for Progress.xaml
            </summary>
            <summary>
            Progress
            </summary>
        </member>
        <member name="M:SampleLayout.WPF.Progress.InitializeComponent">
            <summary>
            InitializeComponent
            </summary>
        </member>
        <!-- Badly formed XML comment ignored for member "T:SampleLayout.WPF.SampleLayoutControl" -->
        <member name="T:SampleLayout.WPF.Properties.Resources">
            <summary>
              A strongly-typed resource class, for looking up localized strings, etc.
            </summary>
        </member>
        <member name="P:SampleLayout.WPF.Properties.Resources.ResourceManager">
            <summary>
              Returns the cached ResourceManager instance used by this class.
            </summary>
        </member>
        <member name="P:SampleLayout.WPF.Properties.Resources.Culture">
            <summary>
              Overrides the current thread's CurrentUICulture property for all
              resource lookups using this strongly typed resource class.
            </summary>
        </member>
    </members>
</doc>
