<?xml version="1.0" encoding="utf-8"?>
<DataCollection type="DataAccessLayer.SQL.DataCollection">
  <Tables>
    <Table type="DataAccessLayer.SQL.Table">
      <Name>VEHICULO1</Name>
      <DataFields>
        <Field type="DataAccessLayer.SQL.Field">
          <Name>marca</Name>
        </Field>
        <Field type="DataAccessLayer.SQL.Field">
          <Name>matricula</Name>
        </Field>
        <Field type="DataAccessLayer.SQL.Field">
          <Name>modelo</Name>
        </Field>
 	<Field type="DataAccessLayer.SQL.Field">
          <Name>mo1</Name>
        </Field>
	<Field type="DataAccessLayer.SQL.Field">
          <Name>mo2</Name>
        </Field>
        <Field type="DataAccessLayer.SQL.Field">
          <Name>grupo</Name>
        </Field>
        <Field type="DataAccessLayer.SQL.Field">
          <Name>mar</Name>
        </Field>
        <Field type="DataAccessLayer.SQL.Field">
          <Name>color</Name>
        </Field>
        <Field type="DataAccessLayer.SQL.Field">
          <Name>proveedor</Name>
        </Field>
        <Field type="DataAccessLayer.SQL.Field">
          <Name>tiposegu</Name>
        </Field>
        <Field type="DataAccessLayer.SQL.Field">
          <Name>bastidor</Name>
        </Field>
        <Field type="DataAccessLayer.SQL.Field">
          <Name>danos</Name>
        </Field>
        <Field type="DataAccessLayer.SQL.Field">
          <Name>lextras</Name>
        </Field>
        <Field type="DataAccessLayer.SQL.Field">
          <Name>ACCESORIOS_VH</Name>
        </Field>
        <Field type="DataAccessLayer.SQL.Field">
          <Name>aviso</Name>
        </Field>
        <Field type="DataAccessLayer.SQL.Field">
          <Name>ref</Name>
        </Field>
        <Field type="DataAccessLayer.SQL.Field">
          <Name>actividad</Name>
        </Field>
        <Field type="DataAccessLayer.SQL.Field">
          <Name>PROPIE</Name>
        </Field>
        <Field type="DataAccessLayer.SQL.Field">
          <Name>kmresta</Name>
        </Field>
        <Field type="DataAccessLayer.SQL.Field">
          <Name>FCAMBIO_KM</Name>
        </Field>
      </DataFields>
    </Table>
    <Table type="DataAccessLayer.SQL.Table">
      <Name>VEHICULO2</Name>
      <DataFields>
        <Field type="DataAccessLayer.SQL.Field">
          <Name>gastos</Name>
        </Field>
        <Field type="DataAccessLayer.SQL.Field">
          <Name>km</Name>
        </Field>
        <Field type="DataAccessLayer.SQL.Field">
          <Name>saldo</Name>
        </Field>
        <Field type="DataAccessLayer.SQL.Field">
          <Name>proximante</Name>
        </Field>
      </DataFields>
    </Table>
  </Tables>
</DataCollection>