<?xml version="1.0"?>
<ArrayOfIUiObject>
  <UiDualDfSearchTextObject type="KarveControls.UIObjects.UiDualDfSearchTextObject">
    <AssistTableName>FORMAS</AssistTableName>
    <ButtonImage>/ProvidersModule;component/Images/search.png</ButtonImage>
    <DataFieldFirst>FORPA</DataFieldFirst>
    <AssistDataFieldFirst>CODIGO</AssistDataFieldFirst>
    <AssistDataFieldSecond>NOMBRE</AssistDataFieldSecond>
    <Lookup>False</Lookup>
    <AssistQuery>SELECT CODIGO,NOMBRE FROM FORMAS</AssistQuery>
    <IsReadOnlyFirst>False</IsReadOnlyFirst>
    <IsReadOnlySecond>False</IsReadOnlySecond>
    <DataAllowed>DoubleField</DataAllowed>
    <AllowedEmpty>False</AllowedEmpty>
    <UpperCase>False</UpperCase>
    <LabelText>Forma de Pago</LabelText>
    <LabelVisible>False</LabelVisible>
    <Height>20</Height>
    <IsReadOnly>False</IsReadOnly>
    <DataField>FORPA</DataField>
    <TableName>PROVEE2</TableName>
    <LabelTextWidth>100</LabelTextWidth>
    <IsVisible>False</IsVisible>
    <PrimaryKey>NUM_PROVEE</PrimaryKey>
  </UiDualDfSearchTextObject>
  <UiMultipleDfObject type="KarveControls.UIObjects.UiMultipleDfObject">
    <PrimaryKey>NUM_PROVEE</PrimaryKey>
    <DataTableNames>
      <TableName type="KarveControls.UIObjects.TableName">
        <Name>PROVEE2</Name>
      </TableName>
      <TableName type="KarveControls.UIObjects.TableName">
        <Name>PROVEE2</Name>
      </TableName>
      <TableName type="KarveControls.UIObjects.TableName">
        <Name>PROVEE2</Name>
      </TableName>
      <TableName type="KarveControls.UIObjects.TableName">
        <Name>PROVEE2</Name>
      </TableName>
      <TableName type="KarveControls.UIObjects.TableName">
        <Name>PROVEE2</Name>
      </TableName>
      <TableName type="KarveControls.UIObjects.TableName">
        <Name>PROVEE2</Name>
      </TableName>
    </DataTableNames>
    <AssistTableNames />
    <Values>
      <UiDfObject type="KarveControls.UIObjects.UiDfObject">
        <DataAllowed>DoubleField</DataAllowed>
        <AllowedEmpty>True</AllowedEmpty>
        <UpperCase>False</UpperCase>
        <LabelText>Plazo de pago</LabelText>
        <LabelVisible>True</LabelVisible>
        <Height>20</Height>
        <TextContentWidth>50</TextContentWidth>
        <IsReadOnly>False</IsReadOnly>
        <DataField>PLAZO</DataField>
        <TableName>PROVEE2</TableName>
        <LabelTextWidth>100</LabelTextWidth>
        <IsVisible>False</IsVisible>
        <PrimaryKey>NUM_PROVEE</PrimaryKey>
      </UiDfObject>
      <UiDfObject type="KarveControls.UIObjects.UiDfObject">
        <DataAllowed>DoubleField</DataAllowed>
        <AllowedEmpty>True</AllowedEmpty>
        <UpperCase>False</UpperCase>
        <LabelVisible>False</LabelVisible>
        <Height>20</Height>
        <TextContentWidth>50</TextContentWidth>
        <IsReadOnly>False</IsReadOnly>
        <DataField>PLAZO2</DataField>
        <TableName>PROVEE2</TableName>
        <IsVisible>False</IsVisible>
        <PrimaryKey>NUM_PROVEE</PrimaryKey>
      </UiDfObject>
      <UiDfObject type="KarveControls.UIObjects.UiDfObject">
        <DataAllowed>DoubleField</DataAllowed>
        <AllowedEmpty>True</AllowedEmpty>
        <UpperCase>False</UpperCase>
        <LabelVisible>False</LabelVisible>
        <Height>20</Height>
        <TextContentWidth>50</TextContentWidth>
        <IsReadOnly>False</IsReadOnly>
        <DataField>PLAZO3</DataField>
        <TableName>PROVEE2</TableName>
        <IsVisible>False</IsVisible>
        <PrimaryKey>NUM_PROVEE</PrimaryKey>
      </UiDfObject>
      <UiDfObject type="KarveControls.UIObjects.UiDfObject">
        <DataAllowed>DoubleField</DataAllowed>
        <AllowedEmpty>True</AllowedEmpty>
        <UpperCase>False</UpperCase>
        <LabelText>Dias de pago</LabelText>
        <LabelVisible>True</LabelVisible>
        <Height>20</Height>
        <TextContentWidth>50</TextContentWidth>
        <IsReadOnly>False</IsReadOnly>
        <DataField>DIA</DataField>
        <TableName>PROVEE2</TableName>
        <LabelTextWidth>100</LabelTextWidth>
        <IsVisible>True</IsVisible>
        <PrimaryKey>NUM_PROVEE</PrimaryKey>
      </UiDfObject>
      <UiDfObject type="KarveControls.UIObjects.UiDfObject">
        <DataAllowed>DoubleField</DataAllowed>
        <AllowedEmpty>True</AllowedEmpty>
        <UpperCase>False</UpperCase>
        <LabelVisible>False</LabelVisible>
        <Height>20</Height>
        <TextContentWidth>50</TextContentWidth>
        <IsReadOnly>False</IsReadOnly>
        <DataField>DIA2</DataField>
        <TableName>PROVEE2</TableName>
        <IsVisible>False</IsVisible>
        <PrimaryKey>NUM_PROVEE</PrimaryKey>
      </UiDfObject>
      <UiDfObject type="KarveControls.UIObjects.UiDfObject">
        <DataAllowed>DoubleField</DataAllowed>
        <AllowedEmpty>True</AllowedEmpty>
        <UpperCase>False</UpperCase>
        <LabelVisible>False</LabelVisible>
        <Height>20</Height>
        <TextContentWidth>50</TextContentWidth>
        <IsReadOnly>False</IsReadOnly>
        <DataField>DIA3</DataField>
        <TableName>PROVEE2</TableName>
        <IsVisible>False</IsVisible>
        <PrimaryKey>NUM_PROVEE</PrimaryKey>
      </UiDfObject>
    </Values>
  </UiMultipleDfObject>
  <UiMultipleDfObject type="KarveControls.UIObjects.UiMultipleDfObject">
    <PrimaryKey>NUM_PROVEE</PrimaryKey>
    <DataTableNames>
      <TableName type="KarveControls.UIObjects.TableName">
        <Name>PROVEE1</Name>
      </TableName>
      <TableName type="KarveControls.UIObjects.TableName">
        <Name>PROVEE1</Name>
      </TableName>
    </DataTableNames>
    <AssistTableNames>
      <TableName type="KarveControls.UIObjects.TableName">
        <Name>MESES</Name>
      </TableName>
      <TableName type="KarveControls.UIObjects.TableName">
        <Name>MESES</Name>
      </TableName>
    </AssistTableNames>
    <Values>
      <UiDualDfSearchTextObject type="KarveControls.UIObjects.UiDualDfSearchTextObject">
        <AssistTableName>MESES</AssistTableName>
        <TextContentFirstWidth>50</TextContentFirstWidth>
        <TextContentSecondWidth>50</TextContentSecondWidth>
        <ButtonImage>/ProvidersModule;component/Images/search.png</ButtonImage>
        <DataFieldFirst>MESVACA</DataFieldFirst>
        <AssistDataFieldFirst>NUMERO_MES</AssistDataFieldFirst>
        <AssistDataFieldSecond>MES</AssistDataFieldSecond>
        <Lookup>False</Lookup>
        <AssistQuery>SELECT NUMERO_MES,MES FROM MESES</AssistQuery>
        <IsReadOnlyFirst>False</IsReadOnlyFirst>
        <IsReadOnlySecond>False</IsReadOnlySecond>
        <DataAllowed>DoubleField</DataAllowed>
        <AllowedEmpty>False</AllowedEmpty>
        <UpperCase>False</UpperCase>
        <LabelText>Mes vacaciones</LabelText>
        <LabelVisible>False</LabelVisible>
        <Height>20</Height>
        <IsReadOnly>False</IsReadOnly>
        <DataField>MESVACA</DataField>
        <TableName>PROVEE1</TableName>
        <LabelTextWidth>100</LabelTextWidth>
        <IsVisible>False</IsVisible>
        <PrimaryKey>NUM_PROVEE</PrimaryKey>
      </UiDualDfSearchTextObject>
      <UiDualDfSearchTextObject type="KarveControls.UIObjects.UiDualDfSearchTextObject">
        <AssistTableName>MESES</AssistTableName>
        <ButtonImage>/ProvidersModule;component/Images/search.png</ButtonImage>
        <DataFieldFirst>MESVACA2</DataFieldFirst>
        <AssistDataFieldFirst>NUMERO_MES</AssistDataFieldFirst>
        <AssistDataFieldSecond>MES</AssistDataFieldSecond>
        <Lookup>False</Lookup>
        <AssistQuery>SELECT NUMERO_MES,MES FROM MESES</AssistQuery>
        <IsReadOnlyFirst>False</IsReadOnlyFirst>
        <IsReadOnlySecond>False</IsReadOnlySecond>
        <DataAllowed>DoubleField</DataAllowed>
        <AllowedEmpty>False</AllowedEmpty>
        <UpperCase>False</UpperCase>
        <LabelText>Segundo Mes</LabelText>
        <LabelVisible>False</LabelVisible>
        <Height>20</Height>
        <IsReadOnly>False</IsReadOnly>
        <DataField>MESVACA2</DataField>
        <TableName>PROVEE1</TableName>
        <LabelTextWidth>100</LabelTextWidth>
        <IsVisible>False</IsVisible>
        <PrimaryKey>NUM_PROVEE</PrimaryKey>
      </UiDualDfSearchTextObject>
    </Values>
  </UiMultipleDfObject>
  <UiMultipleDfObject type="KarveControls.UIObjects.UiMultipleDfObject">
    <PrimaryKey>NUM_PROVEE</PrimaryKey>
    <DataTableNames>
      <TableName type="KarveControls.UIObjects.TableName">
        <Name>PROVEE2</Name>
      </TableName>
      <TableName type="KarveControls.UIObjects.TableName">
        <Name>PROVEE2</Name>
      </TableName>
      <TableName type="KarveControls.UIObjects.TableName">
        <Name>PROVEE1</Name>
      </TableName>
    </DataTableNames>
    <AssistTableNames />
    <Values>
      <UiDfObject type="KarveControls.UIObjects.UiDfObject">
        <DataAllowed>DoubleField</DataAllowed>
        <AllowedEmpty>False</AllowedEmpty>
        <UpperCase>False</UpperCase>
        <LabelText>Descuento</LabelText>
        <LabelVisible>True</LabelVisible>
        <Height>20</Height>
        <TextContentWidth>200</TextContentWidth>
        <IsReadOnly>False</IsReadOnly>
        <DataField>DTO</DataField>
        <TableName>PROVEE2</TableName>
        <LabelTextWidth>100</LabelTextWidth>
        <IsVisible>False</IsVisible>
        <PrimaryKey>NUM_PROVEE</PrimaryKey>
      </UiDfObject>
      <UiDfObject type="KarveControls.UIObjects.UiDfObject">
        <DataAllowed>DoubleField</DataAllowed>
        <AllowedEmpty>False</AllowedEmpty>
        <UpperCase>False</UpperCase>
        <LabelText>Pronto Pago</LabelText>
        <LabelVisible>True</LabelVisible>
        <Height>20</Height>
        <TextContentWidth>200</TextContentWidth>
        <IsReadOnly>False</IsReadOnly>
        <DataField>PP</DataField>
        <TableName>PROVEE2</TableName>
        <LabelTextWidth>100</LabelTextWidth>
        <IsVisible>False</IsVisible>
        <PrimaryKey>NUM_PROVEE</PrimaryKey>
      </UiDfObject>
      <UiDfObject type="KarveControls.UIObjects.UiDfObject">
        <DataAllowed>DoubleField</DataAllowed>
        <AllowedEmpty>False</AllowedEmpty>
        <UpperCase>False</UpperCase>
        <LabelText>Partida Iva</LabelText>
        <LabelVisible>True</LabelVisible>
        <Height>20</Height>
        <TextContentWidth>200</TextContentWidth>
        <IsReadOnly>False</IsReadOnly>
        <DataField>TIPOIVA</DataField>
        <TableName>PROVEE1</TableName>
        <LabelTextWidth>100</LabelTextWidth>
        <IsVisible>False</IsVisible>
        <PrimaryKey>NUM_PROVEE</PrimaryKey>
      </UiDfObject>
    </Values>
  </UiMultipleDfObject>
  <UiDfObject type="KarveControls.UIObjects.UiDfObject">
    <DataAllowed>BankAccount</DataAllowed>
    <AllowedEmpty>False</AllowedEmpty>
    <UpperCase>False</UpperCase>
    <LabelText>Cuenta Bancaria</LabelText>
    <LabelVisible>True</LabelVisible>
    <Height>20</Height>
    <TextContentWidth>400</TextContentWidth>
    <IsReadOnly>False</IsReadOnly>
    <DataField>CC</DataField>
    <TableName>PROVEE1</TableName>
    <LabelTextWidth>100</LabelTextWidth>
    <IsVisible>False</IsVisible>
  </UiDfObject>
  <UiDfObject type="KarveControls.UIObjects.UiDfObject">
    <DataAllowed>IbanField</DataAllowed>
    <AllowedEmpty>False</AllowedEmpty>
    <UpperCase>False</UpperCase>
    <LabelText>IBAN</LabelText>
    <LabelVisible>True</LabelVisible>
    <Height>20</Height>
    <TextContentWidth>400</TextContentWidth>
    <IsReadOnly>False</IsReadOnly>
    <DataField>IBAN</DataField>
    <TableName>PROVEE1</TableName>
    <LabelTextWidth>100</LabelTextWidth>
    <IsVisible>False</IsVisible>
  </UiDfObject>
  <UiMultipleDfObject type="KarveControls.UIObjects.UiMultipleDfObject">
    <PrimaryKey>NUM_PROVEE</PrimaryKey>
    <DataTableNames>
      <TableName type="KarveControls.UIObjects.TableName">
        <Name>PROVEE1</Name>
      </TableName>
      <TableName type="KarveControls.UIObjects.TableName">
        <Name>PROVEE2</Name>
      </TableName>
    </DataTableNames>
    <AssistTableNames>
      <TableName type="KarveControls.UIObjects.TableName">
        <Name>IDIOMAS</Name>
      </TableName>
      <TableName type="KarveControls.UIObjects.TableName">
        <Name>DIVISAS</Name>
      </TableName>
    </AssistTableNames>
    <Values>
      <UiDualDfSearchTextObject type="KarveControls.UIObjects.UiDualDfSearchTextObject">
        <AssistTableName>IDIOMAS</AssistTableName>
        <ButtonImage>/ProvidersModule;component/Images/search.png</ButtonImage>
        <DataFieldFirst>IDIOMA_PR1</DataFieldFirst>
        <AssistDataFieldFirst>CODIGO</AssistDataFieldFirst>
        <AssistDataFieldSecond>NOMBRE</AssistDataFieldSecond>
        <Lookup>False</Lookup>
        <AssistQuery>SELECT CODIGO,NOMBRE FROM IDIOMAS</AssistQuery>
        <IsReadOnlyFirst>False</IsReadOnlyFirst>
        <IsReadOnlySecond>True</IsReadOnlySecond>
        <DataAllowed>DoubleField</DataAllowed>
        <AllowedEmpty>False</AllowedEmpty>
        <UpperCase>False</UpperCase>
        <LabelText>Idioma</LabelText>
        <LabelVisible>True</LabelVisible>
        <Height>20</Height>
        <IsReadOnly>False</IsReadOnly>
        <DataField>IDIOMA_PR1</DataField>
        <TableName>PROVEE1</TableName>
        <LabelTextWidth>100</LabelTextWidth>
        <IsVisible>True</IsVisible>
        <PrimaryKey>NUM_PROVEE</PrimaryKey>
      </UiDualDfSearchTextObject>
      <UiDualDfSearchTextObject type="KarveControls.UIObjects.UiDualDfSearchTextObject">
        <AssistTableName>DIVISAS</AssistTableName>
        <ButtonImage>/ProvidersModule;component/Images/search.png</ButtonImage>
        <DataFieldFirst>DIVISA</DataFieldFirst>
        <AssistDataFieldFirst>CODIGO</AssistDataFieldFirst>
        <AssistDataFieldSecond>NOMBRE</AssistDataFieldSecond>
        <Lookup>False</Lookup>
        <AssistQuery>SELECT CODIGO,NOMBRE FROM DIVISAS</AssistQuery>
        <IsReadOnlyFirst>False</IsReadOnlyFirst>
        <IsReadOnlySecond>True</IsReadOnlySecond>
        <DataAllowed>DoubleField</DataAllowed>
        <AllowedEmpty>False</AllowedEmpty>
        <UpperCase>False</UpperCase>
        <LabelText>Divisa</LabelText>
        <LabelVisible>True</LabelVisible>
        <Height>20</Height>
        <IsReadOnly>False</IsReadOnly>
        <DataField>DIVISA</DataField>
        <TableName>PROVEE2</TableName>
        <LabelTextWidth>100</LabelTextWidth>
        <IsVisible>True</IsVisible>
        <PrimaryKey>NUM_PROVEE</PrimaryKey>
      </UiDualDfSearchTextObject>
    </Values>
  </UiMultipleDfObject>
</ArrayOfIUiObject>