<?xml version="1.0"?>
<ArrayOfIUiObject>
  <UiDualDfSearchTextObject>
    <AssistTableName>FORMAS</AssistTableName>
    <ButtonImage>/ProvidersModule;component/Images/search.png</ButtonImage>
    <DataFieldFirst>FORPA</DataFieldFirst>
    <AssistDataFieldFirst>CODIGO</AssistDataFieldFirst>
    <AssistDataFieldSecond>NOMBRE</AssistDataFieldSecond>
    <Lookup>False</Lookup>
    <IsReadOnlyFirst>False</IsReadOnlyFirst>
    <IsReadOnlySecond>False</IsReadOnlySecond>
    <DataAllowed>DoubleField</DataAllowed>
    <AllowedEmpty>False</AllowedEmpty>
    <UpperCase>False</UpperCase>
    <LabelText>Forma de Pago</LabelText>
    <LabelVisible>False</LabelVisible>
    <Height>20</Height>
    <IsReadOnly>False</IsReadOnly>
    <DataField>FORPA</DataField>
    <TableName>PROVEE2</TableName>
    <LabelTextWidth>100</LabelTextWidth>
    <IsVisible>False</IsVisible>
    <PrimaryKey>NUM_PROVEE</PrimaryKey>
  </UiDualDfSearchTextObject>
</ArrayOfIUiObject>