<?xml version="1.0" encoding="utf-8"?>
<DataCollection type="DataAccessLayer.SQL.DataCollection">
  <Tables>
    <Table type="DataAccessLayer.SQL.Table">
      <Name>VEHICULO1</Name>
      <DataFields>
        <Field type="DataAccessLayer.SQL.Field">
          <Name>marca</Name>
        </Field>
        <Field type="DataAccessLayer.SQL.Field">
          <Name>matricula</Name>
        </Field>
        <Field type="DataAccessLayer.SQL.Field">
          <Name>modelo</Name>
        </Field>
        <Field type="DataAccessLayer.SQL.Field">
          <Name>grupo</Name>
        </Field>
        <Field type="DataAccessLayer.SQL.Field">
          <Name>mar</Name>
        </Field>
        <Field type="DataAccessLayer.SQL.Field">
          <Name>color</Name>
        </Field>
        <Field type="DataAccessLayer.SQL.Field">
          <Name>proveedor</Name>
        </Field>
        <Field type="DataAccessLayer.SQL.Field">
          <Name>tiposegu</Name>
        </Field>
      </DataFields>
    </Table>
    <Table type="DataAccessLayer.SQL.Table">
      <Name>VEHICULO2</Name>
      <DataFields>
        <Field type="DataAccessLayer.SQL.Field">
          <Name>gastos</Name>
        </Field>
        <Field type="DataAccessLayer.SQL.Field">
          <Name>km</Name>
        </Field>
        <Field type="DataAccessLayer.SQL.Field">
          <Name>saldo</Name>
        </Field>
      </DataFields>
    </Table>
  </Tables>
</DataCollection>